sbj_num,muni,pais,sexo,nse,edad,rango_edad,rotacion1,index1,producto1,p1,p2,p3,p3_1,p3_2,p4,p5,p5_1,p5_2,p6,p7,p8_1,p8_2,p8_3,p8_4,p8_5,p9_1,p9_2,p9_3,p9_4,p9_5,p10,p11,p12,p12_1,p12_2,p13,p14,p14_1,p14_2,p15,p16,p17,p17_1,p17_2,lik_por,nivel_por,nivel_por_1,nivel_por_2,lik_tex,nivel_tex,nivel_tex_1,nivel_tex_2,p18,preferencia
181030232,4,2,1,2,39,3,1,PRODUCTO1,1,5,7,2,NA,NA,8,2,NA,NA,9,7,88,NA,NA,NA,NA,0,NA,NA,NA,NA,9,9,2,NA,NA,9,2,NA,NA,9,4,2,NA,NA,9,2,NA,NA,9,2,NA,NA,5,781
181030232,4,2,1,2,39,3,1,PRODUCTO2,2,6,8,1,2,NA,8,3,NA,1,9,7,111,50,NA,NA,NA,0,NA,NA,NA,NA,9,9,2,NA,NA,7,1,2,NA,6,3,1,2,NA,7,1,2,NA,8,2,NA,NA,5,781
181067150,4,2,1,2,24,2,2,PRODUCTO1,2,7,4,1,2,NA,4,1,2,NA,9,9,51,111,288,NA,NA,0,NA,NA,NA,NA,9,7,3,NA,1,9,3,NA,2,8,4,1,2,NA,7,3,NA,2,9,3,NA,2,5,781
181067150,4,2,1,2,24,2,2,PRODUCTO2,1,7,8,3,NA,2,9,1,1,NA,9,9,51,111,NA,NA,NA,0,NA,NA,NA,NA,9,7,3,NA,1,8,1,2,NA,6,4,2,NA,NA,7,1,2,NA,8,1,2,NA,5,781
181120913,4,2,2,2,24,2,1,PRODUCTO1,1,7,7,3,NA,2,7,2,NA,NA,7,7,51,NA,NA,NA,NA,0,NA,NA,NA,NA,7,7,2,NA,NA,8,2,NA,NA,8,4,2,NA,NA,7,2,NA,NA,7,2,NA,NA,4,182
181120913,4,2,2,2,24,2,1,PRODUCTO2,2,6,6,1,2,NA,6,3,NA,2,6,7,111,302,NA,NA,NA,702,315,NA,NA,NA,7,7,2,NA,NA,6,1,1,NA,6,5,3,NA,1,6,1,2,NA,6,3,NA,2,3,182
181063825,4,2,1,2,21,2,2,PRODUCTO1,2,5,5,1,2,NA,7,2,NA,NA,7,7,51,61,NA,NA,NA,0,NA,NA,NA,NA,8,7,2,NA,NA,8,2,NA,NA,7,3,1,2,NA,7,2,NA,NA,7,2,NA,NA,5,781
181063825,4,2,1,2,21,2,2,PRODUCTO2,1,5,6,3,NA,1,6,1,2,NA,6,6,87,NA,NA,NA,NA,0,NA,NA,NA,NA,6,7,3,NA,1,7,3,NA,1,6,1,1,2,NA,6,3,NA,1,8,1,2,NA,4,781
180975391,4,2,1,3,36,3,2,PRODUCTO1,2,6,7,2,NA,NA,7,2,NA,NA,8,7,276,59,NA,NA,NA,0,NA,NA,NA,NA,8,8,2,NA,NA,8,3,NA,2,8,4,2,NA,NA,8,2,NA,NA,8,2,NA,NA,5,781
180975391,4,2,1,3,36,3,2,PRODUCTO2,1,5,6,1,2,NA,6,1,2,NA,4,4,0,NA,NA,NA,NA,355,NA,NA,NA,NA,4,4,1,2,NA,4,1,2,NA,4,3,1,2,NA,4,1,2,NA,4,1,2,NA,2,781
181119828,4,2,2,2,25,2,1,PRODUCTO1,1,7,9,2,NA,NA,9,2,NA,NA,9,9,51,111,87,NA,NA,0,NA,NA,NA,NA,9,9,2,NA,NA,9,2,NA,NA,9,5,2,NA,NA,9,2,NA,NA,9,3,NA,2,5,781
181119828,4,2,2,2,25,2,1,PRODUCTO2,2,7,9,2,NA,NA,9,2,NA,NA,9,8,88,51,NA,NA,NA,0,NA,NA,NA,NA,9,9,2,NA,NA,9,2,NA,NA,9,5,3,NA,2,9,3,NA,2,9,3,NA,2,5,781
181009153,17,2,2,3,15,2,1,PRODUCTO1,1,6,8,2,NA,NA,9,2,NA,NA,8,8,111,303,NA,NA,NA,390,NA,NA,NA,NA,8,6,3,NA,1,8,2,NA,NA,8,5,2,NA,NA,8,2,NA,NA,7,3,NA,1,4,781
181009153,17,2,2,3,15,2,1,PRODUCTO2,2,6,8,2,NA,NA,8,2,NA,NA,7,9,51,201,303,NA,NA,0,NA,NA,NA,NA,9,8,2,NA,NA,9,2,NA,NA,8,5,2,NA,NA,9,2,NA,NA,8,2,NA,NA,4,781
180946533,4,2,2,2,19,2,2,PRODUCTO1,2,7,8,1,2,NA,9,2,NA,NA,8,9,51,111,276,NA,NA,0,NA,NA,NA,NA,8,8,2,NA,NA,9,1,2,NA,9,4,2,NA,NA,8,2,NA,NA,9,2,NA,NA,4,781
180946533,4,2,2,2,19,2,2,PRODUCTO2,1,4,6,1,1,NA,7,1,1,NA,7,6,57,51,NA,NA,NA,390,703,NA,NA,NA,6,4,3,NA,2,6,1,1,NA,4,3,2,NA,NA,5,3,NA,1,6,1,1,NA,4,781
181060493,4,2,1,2,19,2,2,PRODUCTO1,2,5,8,2,NA,NA,6,3,NA,1,7,8,51,111,113,NA,NA,0,NA,NA,NA,NA,8,9,2,NA,NA,9,2,NA,NA,8,3,1,2,NA,8,2,NA,NA,8,1,2,NA,5,781
181060493,4,2,1,2,19,2,2,PRODUCTO2,1,7,8,2,NA,NA,7,2,NA,NA,8,8,51,NA,NA,NA,NA,390,NA,NA,NA,NA,7,6,3,NA,1,8,2,NA,NA,7,3,2,NA,NA,8,2,NA,NA,8,2,NA,NA,4,781
181032088,17,2,1,3,17,2,1,PRODUCTO1,1,7,8,2,NA,NA,8,2,NA,NA,9,8,51,115,275,NA,NA,0,NA,NA,NA,NA,8,8,2,NA,NA,8,2,NA,NA,8,4,2,NA,NA,8,2,NA,NA,8,2,NA,NA,5,781
181032088,17,2,1,3,17,2,1,PRODUCTO2,2,6,8,2,NA,NA,8,3,NA,1,8,8,51,113,NA,NA,NA,0,NA,NA,NA,NA,8,8,2,NA,NA,8,2,NA,NA,8,4,2,NA,NA,8,2,NA,NA,8,2,NA,NA,5,781
181011593,17,2,1,3,40,3,2,PRODUCTO1,2,7,7,2,NA,NA,7,2,NA,NA,7,8,86,111,201,NA,NA,0,NA,NA,NA,NA,9,7,2,NA,NA,8,2,NA,NA,6,4,1,2,NA,8,1,2,NA,8,2,NA,NA,5,781
181011593,17,2,1,3,40,3,2,PRODUCTO2,1,5,6,3,NA,2,4,1,1,NA,4,7,111,51,113,NA,NA,703,NA,NA,NA,NA,7,7,1,2,NA,7,1,2,NA,7,2,1,2,NA,7,1,1,NA,7,2,NA,NA,5,781
181119951,4,2,1,2,40,3,1,PRODUCTO1,1,7,9,2,NA,NA,8,3,NA,2,9,9,87,NA,NA,NA,NA,0,NA,NA,NA,NA,9,9,2,NA,NA,8,1,2,NA,7,4,2,NA,NA,7,2,NA,NA,8,1,2,NA,5,182
181119951,4,2,1,2,40,3,1,PRODUCTO2,2,5,4,3,NA,2,6,3,NA,2,6,7,87,NA,NA,NA,NA,310,NA,NA,NA,NA,9,9,2,NA,NA,9,3,NA,1,7,4,2,NA,NA,7,2,NA,NA,7,2,NA,NA,5,182
181032182,17,2,2,3,34,3,2,PRODUCTO1,2,7,9,2,NA,NA,9,2,NA,NA,9,9,51,111,11,202,NA,0,NA,NA,NA,NA,9,9,2,NA,NA,9,3,NA,2,9,5,2,NA,NA,8,2,NA,NA,9,2,NA,NA,5,781
181032182,17,2,2,3,34,3,2,PRODUCTO2,1,5,7,1,1,NA,6,1,2,NA,6,7,51,NA,NA,NA,NA,315,355,NA,NA,NA,7,6,1,2,NA,7,1,1,NA,7,3,1,1,NA,6,1,2,NA,6,1,1,NA,4,781
181020082,4,2,1,2,37,3,2,PRODUCTO1,2,7,9,2,NA,NA,9,2,NA,NA,9,9,51,NA,NA,NA,NA,0,NA,NA,NA,NA,9,9,2,NA,NA,9,2,NA,NA,9,4,2,NA,NA,8,2,NA,NA,9,2,NA,NA,5,182
181020082,4,2,1,2,37,3,2,PRODUCTO2,1,7,9,2,NA,NA,9,2,NA,NA,9,9,51,111,NA,NA,NA,0,NA,NA,NA,NA,9,9,2,NA,NA,9,2,NA,NA,9,4,2,NA,NA,9,2,NA,NA,9,2,NA,NA,5,182
181032381,4,2,1,2,40,3,1,PRODUCTO1,1,5,7,2,NA,NA,8,2,NA,NA,9,7,88,NA,NA,NA,NA,0,NA,NA,NA,NA,9,8,2,NA,NA,9,2,NA,NA,3,3,2,NA,NA,9,2,NA,NA,9,2,NA,NA,5,781
181032381,4,2,1,2,40,3,1,PRODUCTO2,2,7,8,2,NA,NA,9,2,NA,NA,8,9,50,NA,NA,NA,NA,0,NA,NA,NA,NA,9,8,1,2,NA,9,2,NA,NA,9,3,2,NA,NA,9,2,NA,NA,8,2,NA,NA,5,781
181011558,17,2,1,3,35,3,2,PRODUCTO1,2,5,7,2,NA,NA,8,2,NA,NA,9,9,51,113,NA,NA,NA,0,NA,NA,NA,NA,8,9,2,NA,NA,9,2,NA,NA,8,5,2,NA,NA,9,2,NA,NA,9,2,NA,NA,5,182
181011558,17,2,1,3,35,3,2,PRODUCTO2,1,6,7,2,NA,NA,8,2,NA,NA,9,8,51,303,NA,NA,NA,0,NA,NA,NA,NA,8,7,2,NA,NA,9,2,NA,NA,8,5,2,NA,NA,9,2,NA,NA,8,2,NA,NA,5,182
180964244,4,2,2,3,18,2,1,PRODUCTO1,1,5,7,2,NA,NA,7,2,NA,NA,8,9,51,111,NA,NA,NA,0,NA,NA,NA,NA,9,9,2,NA,NA,9,3,NA,1,8,5,2,NA,NA,8,2,NA,NA,7,3,NA,1,5,781
180964244,4,2,2,3,18,2,1,PRODUCTO2,2,7,7,3,NA,1,7,3,NA,1,7,7,111,87,NA,NA,NA,0,NA,NA,NA,NA,7,7,3,NA,1,8,2,NA,NA,7,5,3,NA,1,7,2,NA,NA,7,2,NA,NA,4,781
181019999,17,2,2,3,20,2,1,PRODUCTO1,1,6,9,2,NA,NA,8,2,NA,NA,9,9,59,111,NA,NA,NA,0,NA,NA,NA,NA,9,9,2,NA,NA,9,2,NA,NA,9,4,2,NA,NA,7,2,NA,NA,9,2,NA,NA,5,182
181019999,17,2,2,3,20,2,1,PRODUCTO2,2,5,7,1,2,NA,4,1,2,NA,7,9,51,NA,NA,NA,NA,702,NA,NA,NA,NA,9,8,2,NA,NA,9,2,NA,NA,9,5,2,NA,NA,7,2,NA,NA,9,2,NA,NA,5,182
181065570,4,2,2,2,40,3,2,PRODUCTO1,2,7,9,2,NA,NA,8,2,NA,NA,7,9,59,111,275,288,NA,0,NA,NA,NA,NA,8,8,2,NA,NA,9,2,NA,NA,8,4,2,NA,NA,8,2,NA,NA,9,2,NA,NA,5,781
181065570,4,2,2,2,40,3,2,PRODUCTO2,1,6,6,1,2,NA,5,1,2,NA,6,7,51,111,NA,NA,NA,310,NA,NA,NA,NA,6,7,2,NA,NA,8,2,NA,NA,7,5,2,NA,NA,7,1,2,NA,7,1,2,NA,3,781
180966091,4,2,2,3,33,3,2,PRODUCTO1,2,6,7,2,NA,NA,8,2,NA,NA,7,9,111,114,51,NA,NA,0,NA,NA,NA,NA,9,8,2,NA,NA,9,2,NA,NA,8,4,2,NA,NA,7,2,NA,NA,8,2,NA,NA,5,781
180966091,4,2,2,3,33,3,2,PRODUCTO2,1,5,7,3,NA,1,6,1,1,NA,6,7,57,51,303,111,NA,703,NA,NA,NA,NA,8,7,2,NA,NA,6,1,2,NA,7,3,1,2,NA,7,2,NA,NA,7,2,NA,NA,4,781
181015306,17,2,2,3,40,3,1,PRODUCTO1,1,7,8,3,NA,2,5,3,NA,2,9,7,51,288,NA,NA,NA,0,NA,NA,NA,NA,8,5,1,2,NA,6,1,2,NA,8,5,3,NA,2,7,3,NA,1,6,3,NA,2,4,781
181015306,17,2,2,3,40,3,1,PRODUCTO2,2,7,9,3,NA,1,7,3,NA,2,8,9,51,15,NA,NA,NA,0,NA,NA,NA,NA,9,9,3,NA,2,9,3,NA,2,8,5,3,NA,2,8,3,NA,2,9,3,NA,2,3,781
180975429,4,2,1,3,16,2,2,PRODUCTO1,2,6,8,3,NA,1,8,2,NA,NA,7,8,51,10,NA,NA,NA,0,NA,NA,NA,NA,8,7,1,2,NA,8,3,NA,1,7,4,3,NA,2,7,1,2,NA,7,3,NA,1,5,781
180975429,4,2,1,3,16,2,2,PRODUCTO2,1,5,7,1,1,NA,7,1,2,NA,6,7,10,NA,NA,NA,NA,390,NA,NA,NA,NA,7,6,3,NA,1,8,2,NA,NA,8,3,1,2,NA,6,3,NA,1,7,1,2,NA,4,781
181062173,4,2,1,2,15,2,1,PRODUCTO1,1,5,8,2,NA,NA,6,3,NA,1,9,9,111,51,NA,NA,NA,0,NA,NA,NA,NA,7,7,2,NA,NA,9,3,NA,1,6,5,2,NA,NA,7,3,NA,1,8,2,NA,NA,5,781
181062173,4,2,1,2,15,2,1,PRODUCTO2,2,6,7,1,2,NA,8,3,NA,2,9,9,51,111,11,NA,NA,0,NA,NA,NA,NA,9,7,2,NA,NA,9,2,NA,NA,8,5,3,NA,1,8,2,NA,NA,7,1,2,NA,4,781
180967102,4,2,2,3,23,2,2,PRODUCTO1,2,5,6,1,2,NA,7,2,NA,NA,7,6,51,111,NA,NA,NA,0,NA,NA,NA,NA,7,7,2,NA,NA,9,1,1,NA,7,3,2,NA,NA,7,1,1,NA,8,2,NA,NA,4,781
180967102,4,2,2,3,23,2,2,PRODUCTO2,1,6,8,2,NA,NA,6,3,NA,1,7,6,111,202,201,NA,NA,0,NA,NA,NA,NA,6,7,1,2,NA,8,1,1,NA,6,3,1,1,NA,7,3,NA,1,7,1,1,NA,4,781
180969933,4,2,2,3,40,3,1,PRODUCTO1,1,7,9,2,NA,NA,9,2,NA,NA,9,9,111,112,NA,NA,NA,0,NA,NA,NA,NA,9,9,2,NA,NA,9,2,NA,NA,9,4,2,NA,NA,9,2,NA,NA,9,2,NA,NA,5,781
180969933,4,2,2,3,40,3,1,PRODUCTO2,2,7,9,2,NA,NA,9,2,NA,NA,9,9,51,111,276,NA,NA,0,NA,NA,NA,NA,9,9,2,NA,NA,9,2,NA,NA,9,5,2,NA,NA,9,2,NA,NA,9,2,NA,NA,5,781
180977078,4,2,2,3,35,3,2,PRODUCTO1,2,3,7,1,2,NA,7,3,NA,2,8,7,111,276,NA,NA,NA,392,NA,NA,NA,NA,7,7,1,2,NA,8,3,NA,2,7,5,3,NA,2,8,3,NA,2,7,3,NA,2,5,781
180977078,4,2,2,3,35,3,2,PRODUCTO2,1,5,6,1,2,NA,6,1,1,NA,7,8,87,NA,NA,NA,NA,703,NA,NA,NA,NA,7,8,3,NA,1,8,1,2,NA,9,4,3,NA,1,7,1,2,NA,7,1,2,NA,4,781
180948412,4,2,1,2,30,3,1,PRODUCTO1,1,5,9,2,NA,NA,9,2,NA,NA,9,9,51,111,NA,NA,NA,0,NA,NA,NA,NA,9,8,2,NA,NA,9,2,NA,NA,9,5,2,NA,NA,9,2,NA,NA,9,2,NA,NA,5,781
180948412,4,2,1,2,30,3,1,PRODUCTO2,2,7,9,2,NA,NA,8,2,NA,NA,9,9,51,111,NA,NA,NA,0,NA,NA,NA,NA,9,8,2,NA,NA,9,2,NA,NA,9,5,2,NA,NA,9,2,NA,NA,9,2,NA,NA,5,781
181125963,4,2,1,2,34,3,2,PRODUCTO1,2,7,9,2,NA,NA,9,2,NA,NA,9,9,51,NA,NA,NA,NA,0,NA,NA,NA,NA,9,8,2,NA,NA,9,3,NA,1,8,5,3,NA,2,9,2,NA,NA,8,3,NA,2,5,781
181125963,4,2,1,2,34,3,2,PRODUCTO2,1,7,9,3,NA,1,8,1,2,NA,9,9,113,111,NA,NA,NA,0,NA,NA,NA,NA,9,9,2,NA,NA,9,3,NA,2,9,5,3,NA,1,9,2,NA,NA,9,3,NA,1,5,781
180965611,4,2,2,3,18,2,2,PRODUCTO1,2,6,7,2,NA,NA,9,2,NA,NA,8,7,51,111,55,288,NA,704,NA,NA,NA,NA,8,6,3,NA,1,8,2,NA,NA,8,4,1,2,NA,7,2,NA,NA,6,3,NA,1,5,781
180965611,4,2,2,3,18,2,2,PRODUCTO2,1,5,5,1,2,NA,4,1,2,NA,6,5,57,51,NA,NA,NA,390,313,NA,NA,NA,6,4,3,NA,2,7,1,2,NA,4,3,2,NA,NA,7,2,NA,NA,7,2,NA,NA,5,781
181070490,4,2,2,2,35,3,2,PRODUCTO1,2,7,9,2,NA,NA,9,2,NA,NA,9,9,51,NA,NA,NA,NA,0,NA,NA,NA,NA,9,9,2,NA,NA,9,2,NA,NA,9,5,2,NA,NA,9,2,NA,NA,9,2,NA,NA,5,781
181070490,4,2,2,2,35,3,2,PRODUCTO2,1,7,9,2,NA,NA,9,2,NA,NA,9,9,51,NA,NA,NA,NA,0,NA,NA,NA,NA,9,9,2,NA,NA,9,2,NA,NA,9,4,2,NA,NA,9,3,NA,2,9,2,NA,NA,5,781
181031765,17,2,1,3,22,2,2,PRODUCTO1,2,3,7,2,NA,NA,9,2,NA,NA,7,8,301,51,NA,NA,NA,732,NA,NA,NA,NA,8,6,1,2,NA,9,2,NA,NA,7,3,1,1,NA,5,3,NA,1,8,2,NA,NA,5,781
181031765,17,2,1,3,22,2,2,PRODUCTO2,1,6,7,3,NA,1,9,2,NA,NA,7,9,51,57,11,NA,NA,310,NA,NA,NA,NA,8,6,1,2,NA,8,2,NA,NA,8,2,1,2,NA,7,3,NA,1,9,2,NA,NA,4,781
181031764,17,2,1,3,20,2,1,PRODUCTO1,1,3,7,3,NA,1,7,2,NA,NA,8,7,88,NA,NA,NA,NA,0,NA,NA,NA,NA,7,4,1,2,NA,6,3,NA,2,6,3,1,2,NA,6,1,1,NA,7,2,NA,NA,4,781
181031764,17,2,1,3,20,2,1,PRODUCTO2,2,5,7,2,NA,NA,7,2,NA,NA,7,7,51,276,NA,NA,NA,0,NA,NA,NA,NA,9,9,2,NA,NA,9,2,NA,NA,7,4,2,NA,NA,7,3,NA,2,8,2,NA,NA,5,781
181065626,4,2,1,2,19,2,2,PRODUCTO1,2,7,7,2,NA,NA,8,2,NA,NA,8,8,275,11,51,NA,NA,0,NA,NA,NA,NA,8,8,2,NA,NA,8,2,NA,NA,8,3,2,NA,NA,9,2,NA,NA,8,2,NA,NA,5,781
181065626,4,2,1,2,19,2,2,PRODUCTO2,1,7,8,3,NA,2,7,1,2,NA,7,8,275,51,NA,NA,NA,390,NA,NA,NA,NA,8,6,3,NA,1,8,2,NA,NA,8,3,2,NA,NA,8,2,NA,NA,8,2,NA,NA,5,781
181060887,4,2,2,2,40,3,1,PRODUCTO1,1,6,8,2,NA,NA,9,2,NA,NA,8,9,51,113,57,NA,NA,0,NA,NA,NA,NA,9,9,2,NA,NA,9,2,NA,NA,9,5,2,NA,NA,9,2,NA,NA,9,2,NA,NA,5,781
181060887,4,2,2,2,40,3,1,PRODUCTO2,2,6,7,2,NA,NA,7,3,NA,2,8,9,111,51,86,NA,NA,702,713,NA,NA,NA,9,9,2,NA,NA,9,2,NA,NA,9,5,2,NA,NA,9,2,NA,NA,9,2,NA,NA,5,781
181126494,4,2,1,2,33,3,2,PRODUCTO1,2,7,8,2,NA,NA,8,2,NA,NA,9,9,51,NA,NA,NA,NA,392,NA,NA,NA,NA,9,8,2,NA,NA,9,2,NA,NA,9,5,2,NA,NA,8,2,NA,NA,8,2,NA,NA,5,781
181126494,4,2,1,2,33,3,2,PRODUCTO2,1,7,8,2,NA,NA,8,3,NA,1,8,9,59,NA,NA,NA,NA,390,NA,NA,NA,NA,9,7,3,NA,1,9,2,NA,NA,8,5,2,NA,NA,8,2,NA,NA,8,2,NA,NA,5,781
181060598,4,2,2,2,15,2,2,PRODUCTO1,2,3,3,1,2,NA,7,3,NA,2,4,6,51,10,NA,NA,NA,702,NA,NA,NA,NA,6,3,3,NA,1,4,3,NA,1,6,2,1,2,NA,7,2,NA,NA,7,2,NA,NA,1,182
181060598,4,2,2,2,15,2,2,PRODUCTO2,1,6,7,2,NA,NA,6,1,2,NA,5,7,51,275,NA,NA,NA,0,NA,NA,NA,NA,6,8,1,2,NA,8,2,NA,NA,7,3,2,NA,NA,7,2,NA,NA,7,2,NA,NA,5,182
180972012,4,2,1,2,15,2,1,PRODUCTO1,1,3,9,1,2,NA,8,2,NA,NA,9,9,11,51,NA,NA,NA,0,NA,NA,NA,NA,9,8,1,2,NA,9,2,NA,NA,9,4,2,NA,NA,9,1,2,NA,8,1,2,NA,5,182
180972012,4,2,1,2,15,2,1,PRODUCTO2,2,7,8,1,2,NA,8,2,NA,NA,9,8,275,51,NA,NA,NA,0,NA,NA,NA,NA,9,8,1,2,NA,9,2,NA,NA,8,5,2,NA,NA,8,1,2,NA,9,1,2,NA,4,182
181016136,4,2,1,3,15,2,2,PRODUCTO1,2,6,9,2,NA,NA,9,2,NA,NA,9,7,50,51,NA,NA,NA,0,NA,NA,NA,NA,9,7,2,NA,NA,8,2,NA,NA,9,5,2,NA,NA,9,2,NA,NA,7,2,NA,NA,5,781
181016136,4,2,1,3,15,2,2,PRODUCTO2,1,5,7,2,NA,NA,9,2,NA,NA,8,9,51,275,86,NA,NA,0,NA,NA,NA,NA,8,9,2,NA,NA,7,2,NA,NA,9,4,3,NA,1,9,2,NA,NA,8,2,NA,NA,5,781
180946716,4,2,2,3,32,3,2,PRODUCTO1,2,6,5,3,NA,2,7,3,NA,2,7,7,50,NA,NA,NA,NA,0,NA,NA,NA,NA,9,7,2,NA,NA,8,2,NA,NA,9,5,3,NA,2,8,3,NA,2,8,2,NA,NA,4,781
180946716,4,2,2,3,32,3,2,PRODUCTO2,1,7,9,3,NA,2,7,3,NA,2,9,8,51,NA,NA,NA,NA,0,NA,NA,NA,NA,9,7,1,1,NA,7,3,NA,2,7,5,3,NA,2,7,2,NA,NA,7,2,NA,NA,5,781
180977203,4,2,1,3,21,2,2,PRODUCTO1,2,6,7,2,NA,NA,8,2,NA,NA,9,7,50,115,NA,NA,NA,0,NA,NA,NA,NA,8,9,2,NA,NA,9,2,NA,NA,8,4,2,NA,NA,8,2,NA,NA,9,2,NA,NA,4,781
180977203,4,2,1,3,21,2,2,PRODUCTO2,1,6,6,1,2,NA,7,1,2,NA,7,7,57,51,115,NA,NA,0,NA,NA,NA,NA,8,7,1,2,NA,8,2,NA,NA,8,3,1,2,NA,8,2,NA,NA,7,1,2,NA,4,781
181009667,17,2,2,3,40,3,1,PRODUCTO1,1,6,8,2,NA,NA,8,2,NA,NA,8,8,50,275,51,NA,NA,0,NA,NA,NA,NA,8,9,2,NA,NA,9,2,NA,NA,8,5,2,NA,NA,8,2,NA,NA,8,2,NA,NA,5,182
181009667,17,2,2,3,40,3,1,PRODUCTO2,2,6,9,3,NA,1,7,3,NA,1,8,8,111,51,NA,NA,NA,0,NA,NA,NA,NA,8,8,3,NA,1,9,2,NA,NA,9,5,2,NA,NA,9,2,NA,NA,9,2,NA,NA,5,182
180947744,4,2,2,3,15,2,2,PRODUCTO1,2,6,8,1,2,NA,5,1,2,NA,3,7,50,NA,NA,NA,NA,0,NA,NA,NA,NA,8,6,1,2,NA,3,3,NA,2,8,4,1,2,NA,8,1,2,NA,9,1,2,NA,4,182
180947744,4,2,2,3,15,2,2,PRODUCTO2,1,6,3,1,2,NA,6,1,2,NA,4,4,87,NA,NA,NA,NA,390,NA,NA,NA,NA,3,6,1,2,NA,9,1,2,NA,9,5,1,2,NA,9,1,2,NA,4,1,2,NA,3,182
181020188,17,2,2,3,15,2,2,PRODUCTO1,2,6,9,3,NA,1,8,3,NA,2,8,9,51,10,276,NA,NA,0,NA,NA,NA,NA,9,7,2,NA,NA,8,2,NA,NA,7,3,3,NA,2,7,1,1,NA,8,3,NA,2,4,781
181020188,17,2,2,3,15,2,2,PRODUCTO2,1,6,8,3,NA,1,7,1,2,NA,9,9,10,279,51,NA,NA,0,NA,NA,NA,NA,9,7,1,1,NA,9,3,NA,1,8,5,3,NA,1,9,3,NA,2,9,1,2,NA,5,781
181060314,4,2,1,2,15,2,2,PRODUCTO1,2,7,9,2,NA,NA,8,2,NA,NA,9,9,51,11,275,NA,NA,0,NA,NA,NA,NA,9,9,2,NA,NA,9,2,NA,NA,9,4,2,NA,NA,9,2,NA,NA,9,2,NA,NA,5,781
181060314,4,2,1,2,15,2,2,PRODUCTO2,1,7,8,2,NA,NA,9,2,NA,NA,9,9,11,275,NA,NA,NA,0,NA,NA,NA,NA,9,9,2,NA,NA,7,2,NA,NA,9,5,2,NA,NA,9,2,NA,NA,9,2,NA,NA,5,781
180977520,4,2,1,3,36,3,1,PRODUCTO1,1,6,9,2,NA,NA,8,2,NA,NA,8,8,51,NA,NA,NA,NA,0,NA,NA,NA,NA,8,8,2,NA,NA,8,2,NA,NA,8,5,2,NA,NA,8,2,NA,NA,8,2,NA,NA,5,781
180977520,4,2,1,3,36,3,1,PRODUCTO2,2,6,8,2,NA,NA,8,2,NA,NA,8,8,50,NA,NA,NA,NA,0,NA,NA,NA,NA,8,8,2,NA,NA,9,2,NA,NA,8,5,2,NA,NA,9,2,NA,NA,8,2,NA,NA,5,781
180971299,4,2,1,3,38,3,1,PRODUCTO1,1,6,8,2,NA,NA,9,2,NA,NA,8,9,51,277,111,NA,NA,0,NA,NA,NA,NA,9,9,2,NA,NA,9,2,NA,NA,9,3,3,NA,1,8,2,NA,NA,9,2,NA,NA,5,781
180971299,4,2,1,3,38,3,1,PRODUCTO2,2,5,7,1,2,NA,6,3,NA,2,6,9,50,111,88,NA,NA,0,NA,NA,NA,NA,9,9,2,NA,NA,9,2,NA,NA,8,4,2,NA,NA,8,2,NA,NA,8,2,NA,NA,5,781
180961592,4,2,1,3,25,2,1,PRODUCTO1,1,5,8,2,NA,NA,9,3,NA,2,9,8,51,111,NA,NA,NA,0,NA,NA,NA,NA,9,7,1,2,NA,9,1,2,NA,9,4,3,NA,1,7,2,NA,NA,8,2,NA,NA,4,781
180961592,4,2,1,3,25,2,1,PRODUCTO2,2,7,7,1,2,NA,9,2,NA,NA,9,9,51,111,NA,NA,NA,0,NA,NA,NA,NA,9,7,2,NA,NA,9,2,NA,NA,9,5,2,NA,NA,9,2,NA,NA,9,2,NA,NA,4,781
181065893,4,2,2,2,15,2,1,PRODUCTO1,1,7,9,3,NA,1,9,2,NA,NA,1,9,51,NA,NA,NA,NA,0,NA,NA,NA,NA,9,7,2,NA,NA,1,3,NA,1,9,5,2,NA,NA,9,2,NA,NA,9,2,NA,NA,5,781
181065893,4,2,2,2,15,2,1,PRODUCTO2,2,7,9,2,NA,NA,9,2,NA,NA,9,9,51,NA,NA,NA,NA,0,NA,NA,NA,NA,9,7,2,NA,NA,9,2,NA,NA,9,5,2,NA,NA,9,2,NA,NA,9,2,NA,NA,5,781
181169932,1,2,1,2,40,3,2,PRODUCTO1,2,7,9,2,NA,NA,9,2,NA,NA,9,9,51,113,NA,NA,NA,0,NA,NA,NA,NA,9,9,2,NA,NA,9,2,NA,NA,9,5,2,NA,NA,9,2,NA,NA,9,2,NA,NA,5,781
181169932,1,2,1,2,40,3,2,PRODUCTO2,1,7,9,2,NA,NA,9,2,NA,NA,9,9,51,80,NA,NA,NA,0,NA,NA,NA,NA,9,9,2,NA,NA,9,2,NA,NA,9,5,2,NA,NA,9,2,NA,NA,9,2,NA,NA,5,781
181031766,17,2,1,3,15,2,2,PRODUCTO1,2,5,8,1,2,NA,8,3,NA,1,6,8,51,NA,NA,NA,NA,0,NA,NA,NA,NA,9,6,1,2,NA,8,2,NA,NA,6,2,1,2,NA,6,1,2,NA,7,2,NA,NA,5,182
181031766,17,2,1,3,15,2,2,PRODUCTO2,1,4,6,1,1,NA,6,1,2,NA,7,7,51,113,NA,NA,NA,0,NA,NA,NA,NA,8,3,3,NA,1,6,3,NA,1,7,3,1,2,NA,6,3,NA,1,8,2,NA,NA,4,182
181017249,17,2,2,3,15,2,1,PRODUCTO1,1,7,6,3,NA,2,9,2,NA,NA,9,9,51,111,NA,NA,NA,0,NA,NA,NA,NA,9,9,2,NA,NA,9,2,NA,NA,9,5,2,NA,NA,9,2,NA,NA,9,2,NA,NA,4,781
181017249,17,2,2,3,15,2,1,PRODUCTO2,2,7,9,2,NA,NA,9,2,NA,NA,9,9,51,111,NA,NA,NA,0,NA,NA,NA,NA,9,9,2,NA,NA,9,2,NA,NA,9,5,2,NA,NA,9,2,NA,NA,9,2,NA,NA,5,781
181070589,4,2,1,2,15,2,1,PRODUCTO1,1,7,9,2,NA,NA,8,2,NA,NA,8,9,51,111,NA,NA,NA,0,NA,NA,NA,NA,7,8,2,NA,NA,8,2,NA,NA,9,5,2,NA,NA,7,2,NA,NA,9,2,NA,NA,5,781
181070589,4,2,1,2,15,2,1,PRODUCTO2,2,7,7,2,NA,NA,8,2,NA,NA,7,9,51,113,201,NA,NA,0,NA,NA,NA,NA,8,9,2,NA,NA,7,2,NA,NA,8,5,2,NA,NA,9,2,NA,NA,8,2,NA,NA,5,781
181068738,4,2,2,2,15,2,2,PRODUCTO1,2,6,7,2,NA,NA,8,3,NA,1,7,7,51,56,275,NA,NA,0,NA,NA,NA,NA,8,7,2,NA,NA,8,3,NA,1,7,4,2,NA,NA,7,3,NA,2,7,2,NA,NA,5,781
181068738,4,2,2,2,15,2,2,PRODUCTO2,1,7,7,1,2,NA,7,1,2,NA,7,8,51,111,NA,NA,NA,0,NA,NA,NA,NA,8,7,2,NA,NA,9,1,2,NA,9,5,2,NA,NA,7,1,2,NA,8,1,2,NA,5,781
181117148,4,2,1,2,26,3,2,PRODUCTO1,2,6,8,2,NA,NA,8,2,NA,NA,6,7,51,111,201,NA,NA,0,NA,NA,NA,NA,8,7,2,NA,NA,7,2,NA,NA,7,3,2,NA,NA,6,3,NA,1,8,2,NA,NA,4,781
181117148,4,2,1,2,26,3,2,PRODUCTO2,1,5,7,3,NA,2,6,1,2,NA,7,6,51,NA,NA,NA,NA,0,NA,NA,NA,NA,7,5,3,NA,1,7,3,NA,1,5,2,2,NA,NA,7,2,NA,NA,7,2,NA,NA,4,781
180961520,4,2,1,3,27,3,1,PRODUCTO1,1,7,9,1,1,NA,9,3,NA,2,9,9,51,111,NA,NA,NA,0,NA,NA,NA,NA,9,9,2,NA,NA,9,3,NA,2,9,4,3,NA,2,9,3,NA,2,9,3,NA,2,5,781
180961520,4,2,1,3,27,3,1,PRODUCTO2,2,7,9,3,NA,2,9,3,NA,2,9,9,51,276,111,NA,NA,0,NA,NA,NA,NA,9,9,2,NA,NA,9,3,NA,2,9,5,3,NA,2,8,3,NA,2,7,3,NA,2,5,781
180947769,4,2,2,3,30,3,2,PRODUCTO1,2,6,8,3,NA,1,9,2,NA,NA,9,9,51,10,113,NA,NA,0,NA,NA,NA,NA,9,9,2,NA,NA,9,2,NA,NA,9,5,2,NA,NA,9,3,NA,2,8,2,NA,NA,5,182
180947769,4,2,2,3,30,3,2,PRODUCTO2,1,5,7,3,NA,1,7,2,NA,NA,7,8,51,113,111,NA,NA,0,NA,NA,NA,NA,9,9,2,NA,NA,9,2,NA,NA,9,5,2,NA,NA,9,2,NA,NA,9,2,NA,NA,5,182
181030688,17,2,1,3,18,2,2,PRODUCTO1,2,7,9,3,NA,2,9,3,NA,2,9,9,51,10,NA,NA,NA,0,NA,NA,NA,NA,9,9,1,2,NA,9,3,NA,2,9,5,3,NA,2,9,3,NA,2,9,3,NA,2,5,781
181030688,17,2,1,3,18,2,2,PRODUCTO2,1,3,7,1,2,NA,7,3,NA,1,7,7,51,10,NA,NA,NA,0,NA,NA,NA,NA,9,8,3,NA,1,7,1,2,NA,7,4,3,NA,2,7,3,NA,1,8,3,NA,2,4,781
180949636,4,2,1,3,20,2,1,PRODUCTO1,1,7,9,3,NA,2,8,3,NA,1,8,7,51,NA,NA,NA,NA,0,NA,NA,NA,NA,7,7,2,NA,NA,8,2,NA,NA,7,5,3,NA,2,7,2,NA,NA,7,2,NA,NA,4,781
180949636,4,2,1,3,20,2,1,PRODUCTO2,2,7,7,2,NA,NA,7,2,NA,NA,8,7,51,NA,NA,NA,NA,0,NA,NA,NA,NA,9,9,2,NA,NA,7,3,NA,2,7,5,2,NA,NA,7,2,NA,NA,7,2,NA,NA,4,781
181070432,4,2,2,2,23,2,1,PRODUCTO1,1,5,8,1,2,NA,6,1,2,NA,7,8,51,113,275,88,NA,0,NA,NA,NA,NA,7,8,2,NA,NA,9,1,2,NA,7,2,2,NA,NA,7,3,NA,1,7,3,NA,1,5,182
181070432,4,2,2,2,23,2,1,PRODUCTO2,2,5,6,1,2,NA,9,3,NA,1,7,8,51,111,113,275,NA,0,NA,NA,NA,NA,8,7,3,NA,1,9,3,NA,2,7,4,3,NA,1,7,3,NA,1,7,3,NA,1,5,182
180977204,4,2,1,3,15,2,1,PRODUCTO1,1,6,8,2,NA,NA,9,3,NA,2,8,8,51,57,111,NA,NA,0,NA,NA,NA,NA,7,8,2,NA,NA,8,1,1,NA,7,4,3,NA,2,9,2,NA,NA,9,3,NA,2,4,182
180977204,4,2,1,3,15,2,1,PRODUCTO2,2,6,8,3,NA,2,9,3,NA,1,8,8,51,111,NA,NA,NA,0,NA,NA,NA,NA,6,8,1,2,NA,8,1,2,NA,7,4,3,NA,1,9,2,NA,NA,7,2,NA,NA,5,182
181070305,4,2,2,2,20,2,1,PRODUCTO1,1,6,6,3,NA,1,7,2,NA,NA,8,8,51,NA,NA,NA,NA,0,NA,NA,NA,NA,9,7,2,NA,NA,7,2,NA,NA,8,4,2,NA,NA,7,2,NA,NA,7,2,NA,NA,4,182
181070305,4,2,2,2,20,2,1,PRODUCTO2,2,5,6,3,NA,2,7,2,NA,NA,7,6,51,56,111,NA,NA,0,NA,NA,NA,NA,7,6,1,2,NA,7,1,2,NA,6,5,3,NA,1,6,1,2,NA,7,2,NA,NA,4,182
181020823,4,2,2,3,23,2,2,PRODUCTO1,2,5,9,2,NA,NA,9,2,NA,NA,9,9,51,111,275,NA,NA,0,NA,NA,NA,NA,9,9,2,NA,NA,9,2,NA,NA,9,5,2,NA,NA,9,2,NA,NA,9,2,NA,NA,5,781
181020823,4,2,2,3,23,2,2,PRODUCTO2,1,7,9,2,NA,NA,9,2,NA,NA,9,9,51,NA,NA,NA,NA,0,NA,NA,NA,NA,9,9,2,NA,NA,9,1,1,NA,9,5,2,NA,NA,9,2,NA,NA,9,2,NA,NA,5,781
180977521,4,2,1,3,15,2,2,PRODUCTO1,2,5,7,2,NA,NA,8,2,NA,NA,7,8,51,NA,NA,NA,NA,0,NA,NA,NA,NA,8,7,2,NA,NA,8,2,NA,NA,8,4,2,NA,NA,8,2,NA,NA,9,2,NA,NA,5,781
180977521,4,2,1,3,15,2,2,PRODUCTO2,1,6,8,2,NA,NA,8,2,NA,NA,9,9,51,111,NA,NA,NA,0,NA,NA,NA,NA,9,8,2,NA,NA,9,2,NA,NA,9,4,2,NA,NA,8,2,NA,NA,9,2,NA,NA,5,781
180966092,4,2,2,3,15,2,1,PRODUCTO1,1,6,7,2,NA,NA,7,1,2,NA,7,7,51,NA,NA,NA,NA,0,NA,NA,NA,NA,6,6,3,NA,1,7,2,NA,NA,7,2,1,2,NA,7,2,NA,NA,8,3,NA,1,4,781
180966092,4,2,2,3,15,2,1,PRODUCTO2,2,5,7,1,2,NA,7,2,NA,NA,7,8,51,276,113,NA,NA,0,NA,NA,NA,NA,8,7,2,NA,NA,8,2,NA,NA,7,2,2,NA,NA,8,2,NA,NA,8,1,2,NA,5,781
181017597,4,2,2,3,33,3,1,PRODUCTO1,1,7,9,2,NA,NA,9,2,NA,NA,9,9,51,111,275,NA,NA,0,NA,NA,NA,NA,9,9,2,NA,NA,9,2,NA,NA,9,5,2,NA,NA,9,2,NA,NA,9,2,NA,NA,5,781
181017597,4,2,2,3,33,3,1,PRODUCTO2,2,7,9,2,NA,NA,9,2,NA,NA,9,9,51,111,275,NA,NA,0,NA,NA,NA,NA,9,9,2,NA,NA,9,2,NA,NA,9,5,2,NA,NA,9,2,NA,NA,9,2,NA,NA,5,781
180977206,4,2,1,3,33,3,2,PRODUCTO1,2,6,8,2,NA,NA,7,1,2,NA,7,9,51,NA,NA,NA,NA,0,NA,NA,NA,NA,8,8,2,NA,NA,7,2,NA,NA,8,4,3,NA,1,8,2,NA,NA,8,2,NA,NA,4,781
180977206,4,2,1,3,33,3,2,PRODUCTO2,1,6,9,2,NA,NA,8,2,NA,NA,9,8,51,10,NA,NA,NA,0,NA,NA,NA,NA,7,7,2,NA,NA,7,2,NA,NA,7,4,3,NA,1,7,2,NA,NA,7,2,NA,NA,5,781
181123190,4,2,2,2,18,2,1,PRODUCTO1,1,7,6,1,2,NA,5,1,2,NA,6,4,51,111,NA,NA,NA,0,NA,NA,NA,NA,7,9,2,NA,NA,6,1,2,NA,4,4,2,NA,NA,5,1,2,NA,7,2,NA,NA,5,781
181123190,4,2,2,2,18,2,1,PRODUCTO2,2,7,9,2,NA,NA,9,2,NA,NA,9,9,51,111,NA,NA,NA,0,NA,NA,NA,NA,7,9,2,NA,NA,9,2,NA,NA,6,5,2,NA,NA,7,2,NA,NA,9,2,NA,NA,5,781
181058937,4,2,2,2,37,3,1,PRODUCTO1,1,7,7,2,NA,NA,7,2,NA,NA,8,7,51,300,NA,NA,NA,0,NA,NA,NA,NA,9,9,2,NA,NA,8,2,NA,NA,7,4,2,NA,NA,9,2,NA,NA,9,2,NA,NA,4,182
181058937,4,2,2,2,37,3,1,PRODUCTO2,2,5,6,1,1,NA,4,1,1,NA,4,6,51,NA,NA,NA,NA,0,NA,NA,NA,NA,7,7,2,NA,NA,7,2,NA,NA,7,4,2,NA,NA,7,2,NA,NA,7,2,NA,NA,4,182
180970385,4,2,2,3,40,3,2,PRODUCTO1,2,7,8,2,NA,NA,9,3,NA,2,9,8,51,10,88,NA,NA,0,NA,NA,NA,NA,9,9,2,NA,NA,9,3,NA,2,9,5,3,NA,2,9,3,NA,2,9,3,NA,2,5,781
180970385,4,2,2,3,40,3,2,PRODUCTO2,1,7,9,3,NA,2,9,3,NA,2,8,9,51,88,NA,NA,NA,0,NA,NA,NA,NA,9,9,2,NA,NA,9,3,NA,2,9,5,3,NA,2,9,3,NA,2,9,3,NA,2,5,781
180971951,4,2,2,3,40,3,1,PRODUCTO1,1,6,7,3,NA,2,7,2,NA,NA,7,7,51,NA,NA,NA,NA,0,NA,NA,NA,NA,7,7,1,2,NA,9,3,NA,2,7,5,3,NA,2,8,3,NA,2,7,1,2,NA,5,781
180971951,4,2,2,3,40,3,1,PRODUCTO2,2,6,8,3,NA,2,8,1,1,NA,7,7,51,111,NA,NA,NA,0,NA,NA,NA,NA,7,7,1,1,NA,7,3,NA,2,7,2,1,1,NA,7,3,NA,2,7,3,NA,2,4,781
181015666,17,2,2,3,18,2,2,PRODUCTO1,2,6,9,2,NA,NA,8,2,NA,NA,9,9,51,111,NA,NA,NA,0,NA,NA,NA,NA,8,7,2,NA,NA,8,2,NA,NA,8,5,2,NA,NA,8,2,NA,NA,8,2,NA,NA,5,781
181015666,17,2,2,3,18,2,2,PRODUCTO2,1,6,8,2,NA,NA,8,2,NA,NA,7,8,51,111,NA,NA,NA,0,NA,NA,NA,NA,8,8,2,NA,NA,8,2,NA,NA,8,5,2,NA,NA,8,2,NA,NA,8,2,NA,NA,5,781
180946696,4,2,2,3,33,3,1,PRODUCTO1,1,6,7,3,NA,1,7,3,NA,2,7,7,51,NA,NA,NA,NA,0,NA,NA,NA,NA,7,7,1,1,NA,7,1,2,NA,7,4,3,NA,1,7,1,2,NA,7,2,NA,NA,5,781
180946696,4,2,2,3,33,3,1,PRODUCTO2,2,7,8,2,NA,NA,8,2,NA,NA,9,9,51,115,117,NA,NA,0,NA,NA,NA,NA,9,9,2,NA,NA,9,2,NA,NA,9,5,2,NA,NA,9,2,NA,NA,8,2,NA,NA,5,781
181037086,17,2,2,2,25,2,1,PRODUCTO1,1,6,7,2,NA,NA,8,2,NA,NA,8,8,51,111,NA,NA,NA,0,NA,NA,NA,NA,9,9,2,NA,NA,9,2,NA,NA,9,5,2,NA,NA,9,3,NA,1,9,2,NA,NA,5,781
181037086,17,2,2,2,25,2,1,PRODUCTO2,2,7,8,2,NA,NA,8,2,NA,NA,8,9,51,111,NA,NA,NA,0,NA,NA,NA,NA,9,8,2,NA,NA,9,2,NA,NA,8,5,3,NA,1,9,3,NA,1,9,3,NA,1,5,781
181063082,4,2,1,2,26,3,2,PRODUCTO1,2,5,8,2,NA,NA,9,2,NA,NA,8,8,51,111,NA,NA,NA,0,NA,NA,NA,NA,8,9,2,NA,NA,9,2,NA,NA,9,4,2,NA,NA,8,2,NA,NA,9,2,NA,NA,5,781
181063082,4,2,1,2,26,3,2,PRODUCTO2,1,5,6,3,NA,1,6,1,2,NA,7,6,51,NA,NA,NA,NA,0,NA,NA,NA,NA,7,6,3,NA,1,7,1,2,NA,7,3,3,NA,1,7,3,NA,1,6,1,2,NA,4,781
181062142,4,2,2,2,17,2,2,PRODUCTO1,2,6,7,2,NA,NA,7,1,2,NA,6,9,51,275,NA,NA,NA,0,NA,NA,NA,NA,9,9,2,NA,NA,9,2,NA,NA,7,4,2,NA,NA,7,2,NA,NA,9,1,1,NA,5,781
181062142,4,2,2,2,17,2,2,PRODUCTO2,1,6,9,3,NA,1,9,3,NA,1,9,9,51,275,86,NA,NA,0,NA,NA,NA,NA,9,9,2,NA,NA,9,3,NA,1,7,5,2,NA,NA,7,2,NA,NA,8,2,NA,NA,5,781
181071471,4,2,1,2,15,2,2,PRODUCTO1,2,7,8,1,2,NA,9,1,2,NA,8,8,51,10,111,NA,NA,0,NA,NA,NA,NA,8,9,3,NA,1,9,1,2,NA,9,5,1,2,NA,8,3,NA,1,8,1,2,NA,5,781
181071471,4,2,1,2,15,2,2,PRODUCTO2,1,6,9,3,NA,1,9,1,2,NA,8,8,51,111,NA,NA,NA,0,NA,NA,NA,NA,8,8,3,NA,1,9,3,NA,1,8,5,1,1,NA,9,1,2,NA,9,1,2,NA,4,781
180947883,4,2,2,3,27,3,1,PRODUCTO1,1,6,9,2,NA,NA,9,2,NA,NA,9,9,51,NA,NA,NA,NA,0,NA,NA,NA,NA,9,9,2,NA,NA,9,2,NA,NA,9,5,2,NA,NA,9,2,NA,NA,9,2,NA,NA,5,182
180947883,4,2,2,3,27,3,1,PRODUCTO2,2,7,9,2,NA,NA,9,2,NA,NA,9,9,57,88,NA,NA,NA,0,NA,NA,NA,NA,9,9,2,NA,NA,9,2,NA,NA,9,5,2,NA,NA,5,1,2,NA,9,2,NA,NA,5,182
180976301,4,2,1,3,15,2,2,PRODUCTO1,2,3,7,2,NA,NA,9,2,NA,NA,9,9,51,NA,NA,NA,NA,0,NA,NA,NA,NA,9,9,2,NA,NA,9,2,NA,NA,9,2,2,NA,NA,9,2,NA,NA,9,2,NA,NA,5,182
180976301,4,2,1,3,15,2,2,PRODUCTO2,1,7,9,3,NA,1,7,1,2,NA,7,9,57,88,113,NA,NA,0,NA,NA,NA,NA,9,9,2,NA,NA,9,2,NA,NA,9,4,2,NA,NA,9,2,NA,NA,9,2,NA,NA,4,182
180961587,4,2,1,3,15,2,1,PRODUCTO1,1,6,7,2,NA,NA,6,3,NA,1,7,8,51,111,115,NA,NA,0,NA,NA,NA,NA,8,8,2,NA,NA,7,2,NA,NA,8,4,2,NA,NA,8,2,NA,NA,8,2,NA,NA,4,781
180961587,4,2,1,3,15,2,1,PRODUCTO2,2,6,7,1,2,NA,8,2,NA,NA,7,7,59,11,NA,NA,NA,0,NA,NA,NA,NA,7,7,2,NA,NA,8,2,NA,NA,7,5,2,NA,NA,7,2,NA,NA,7,2,NA,NA,4,781
181013905,17,2,2,3,32,3,1,PRODUCTO1,1,6,8,2,NA,NA,7,2,NA,NA,9,9,51,NA,NA,NA,NA,0,NA,NA,NA,NA,9,8,2,NA,NA,9,2,NA,NA,8,4,2,NA,NA,7,2,NA,NA,9,2,NA,NA,5,781
181013905,17,2,2,3,32,3,1,PRODUCTO2,2,7,9,2,NA,NA,9,2,NA,NA,9,9,59,NA,NA,NA,NA,0,NA,NA,NA,NA,9,8,2,NA,NA,9,2,NA,NA,9,4,2,NA,NA,8,2,NA,NA,9,2,NA,NA,5,781
180945652,4,2,2,2,15,2,1,PRODUCTO1,1,6,8,2,NA,NA,9,2,NA,NA,8,8,51,NA,NA,NA,NA,0,NA,NA,NA,NA,9,9,1,1,NA,9,2,NA,NA,8,4,2,NA,NA,9,2,NA,NA,7,2,NA,NA,5,781
180945652,4,2,2,2,15,2,1,PRODUCTO2,2,6,8,1,2,NA,8,2,NA,NA,8,8,59,111,NA,NA,NA,0,NA,NA,NA,NA,9,8,2,NA,NA,7,1,2,NA,8,5,2,NA,NA,9,2,NA,NA,8,2,NA,NA,5,781
181015598,4,2,2,3,20,2,1,PRODUCTO1,1,6,7,2,NA,NA,7,2,NA,NA,7,7,51,111,NA,NA,NA,0,NA,NA,NA,NA,8,8,2,NA,NA,8,2,NA,NA,8,4,2,NA,NA,7,2,NA,NA,8,2,NA,NA,5,781
181015598,4,2,2,3,20,2,1,PRODUCTO2,2,6,7,1,2,NA,8,3,NA,1,8,8,59,275,111,NA,NA,0,NA,NA,NA,NA,9,8,2,NA,NA,9,2,NA,NA,9,4,2,NA,NA,7,2,NA,NA,8,2,NA,NA,5,781
180947452,4,2,2,3,15,2,1,PRODUCTO1,1,5,6,3,NA,1,8,3,NA,1,9,7,51,111,NA,NA,NA,0,NA,NA,NA,NA,6,4,1,1,NA,9,2,NA,NA,8,2,1,1,NA,7,1,2,NA,7,1,2,NA,5,781
180947452,4,2,2,3,15,2,1,PRODUCTO2,2,6,8,2,NA,NA,8,2,NA,NA,9,9,59,NA,NA,NA,NA,0,NA,NA,NA,NA,9,8,2,NA,NA,9,2,NA,NA,9,4,2,NA,NA,9,2,NA,NA,9,2,NA,NA,5,781
181113070,4,2,1,2,32,3,1,PRODUCTO1,1,6,8,2,NA,NA,7,1,2,NA,8,7,51,NA,NA,NA,NA,0,NA,NA,NA,NA,8,8,2,NA,NA,7,1,2,NA,7,4,2,NA,NA,8,2,NA,NA,8,2,NA,NA,4,781
181113070,4,2,1,2,32,3,1,PRODUCTO2,2,6,8,2,NA,NA,8,2,NA,NA,8,8,59,NA,NA,NA,NA,0,NA,NA,NA,NA,9,8,2,NA,NA,8,2,NA,NA,8,5,2,NA,NA,8,2,NA,NA,8,2,NA,NA,4,781
181067991,4,2,1,2,15,2,1,PRODUCTO1,1,4,9,1,2,NA,5,1,2,NA,9,7,51,111,NA,NA,NA,0,NA,NA,NA,NA,9,5,1,1,NA,9,3,NA,2,6,5,3,NA,2,5,1,2,NA,6,1,2,NA,5,781
181067991,4,2,1,2,15,2,1,PRODUCTO2,2,6,9,1,1,NA,9,3,NA,2,7,9,59,111,NA,NA,NA,0,NA,NA,NA,NA,9,4,1,2,NA,9,3,NA,2,9,5,3,NA,2,5,3,NA,1,9,3,NA,2,5,781
181066999,4,2,1,2,25,2,1,PRODUCTO1,1,7,8,2,NA,NA,8,1,2,NA,8,9,51,111,NA,NA,NA,0,NA,NA,NA,NA,9,9,2,NA,NA,9,2,NA,NA,9,5,2,NA,NA,8,2,NA,NA,9,2,NA,NA,4,781
181066999,4,2,1,2,25,2,1,PRODUCTO2,2,7,9,2,NA,NA,9,2,NA,NA,9,9,59,111,275,NA,NA,0,NA,NA,NA,NA,9,8,2,NA,NA,9,2,NA,NA,9,5,2,NA,NA,9,2,NA,NA,9,2,NA,NA,5,781
181012993,17,2,1,3,21,2,1,PRODUCTO1,1,6,9,2,NA,NA,7,2,NA,NA,8,7,51,86,NA,NA,NA,0,NA,NA,NA,NA,7,7,2,NA,NA,8,2,NA,NA,8,5,2,NA,NA,8,2,NA,NA,8,2,NA,NA,5,781
181012993,17,2,1,3,21,2,1,PRODUCTO2,2,7,9,2,NA,NA,9,3,NA,1,9,9,63,111,59,NA,NA,0,NA,NA,NA,NA,9,9,2,NA,NA,9,3,NA,1,9,4,2,NA,NA,9,2,NA,NA,9,2,NA,NA,5,781
181008989,17,2,1,3,32,3,2,PRODUCTO1,2,7,7,2,NA,NA,7,2,NA,NA,9,9,51,201,NA,NA,NA,0,NA,NA,NA,NA,8,9,2,NA,NA,9,2,NA,NA,7,4,2,NA,NA,9,2,NA,NA,7,2,NA,NA,5,781
181008989,17,2,1,3,32,3,2,PRODUCTO2,1,5,4,3,NA,1,9,2,NA,NA,9,8,80,NA,NA,NA,NA,0,NA,NA,NA,NA,8,8,2,NA,NA,9,2,NA,NA,9,5,2,NA,NA,8,2,NA,NA,9,2,NA,NA,5,781
181123189,4,2,2,2,15,2,1,PRODUCTO1,1,7,7,2,NA,NA,7,2,NA,NA,8,8,51,NA,NA,NA,NA,0,NA,NA,NA,NA,9,8,2,NA,NA,9,2,NA,NA,7,5,2,NA,NA,9,3,NA,1,9,2,NA,NA,5,781
181123189,4,2,2,2,15,2,1,PRODUCTO2,2,7,9,2,NA,NA,9,3,NA,1,9,9,86,51,NA,NA,NA,0,NA,NA,NA,NA,9,8,2,NA,NA,9,2,NA,NA,9,5,2,NA,NA,9,2,NA,NA,9,2,NA,NA,5,781
181067447,4,2,1,2,35,3,2,PRODUCTO1,2,2,7,2,NA,NA,8,2,NA,NA,8,9,51,NA,NA,NA,NA,0,NA,NA,NA,NA,8,9,2,NA,NA,9,2,NA,NA,9,5,2,NA,NA,9,2,NA,NA,9,2,NA,NA,4,781
181067447,4,2,1,2,35,3,2,PRODUCTO2,1,6,9,2,NA,NA,9,2,NA,NA,9,9,87,NA,NA,NA,NA,0,NA,NA,NA,NA,9,9,2,NA,NA,9,2,NA,NA,9,4,2,NA,NA,9,2,NA,NA,9,2,NA,NA,5,781
181015719,17,2,1,3,33,3,2,PRODUCTO1,2,6,9,2,NA,NA,8,2,NA,NA,9,9,51,111,NA,NA,NA,0,NA,NA,NA,NA,7,9,2,NA,NA,9,2,NA,NA,7,5,2,NA,NA,9,2,NA,NA,9,2,NA,NA,5,182
181015719,17,2,1,3,33,3,2,PRODUCTO2,1,6,9,2,NA,NA,9,2,NA,NA,9,9,87,51,111,NA,NA,0,NA,NA,NA,NA,9,8,2,NA,NA,9,2,NA,NA,9,5,2,NA,NA,9,2,NA,NA,9,2,NA,NA,5,182
180968068,4,2,1,3,19,2,2,PRODUCTO1,2,6,6,1,2,NA,7,1,2,NA,6,7,51,NA,NA,NA,NA,0,NA,NA,NA,NA,9,5,1,2,NA,7,1,2,NA,5,1,1,2,NA,7,1,2,NA,7,1,2,NA,4,182
180968068,4,2,1,3,19,2,2,PRODUCTO2,1,6,7,1,2,NA,6,3,NA,1,7,7,88,NA,NA,NA,NA,0,NA,NA,NA,NA,7,6,1,2,NA,7,1,2,NA,6,1,1,2,NA,7,1,2,NA,6,1,2,NA,4,182
180946540,4,2,1,3,38,3,1,PRODUCTO1,1,6,7,2,NA,NA,7,2,NA,NA,7,7,51,111,115,NA,NA,0,NA,NA,NA,NA,7,7,2,NA,NA,7,2,NA,NA,7,4,2,NA,NA,7,2,NA,NA,7,2,NA,NA,4,182
180946540,4,2,1,3,38,3,1,PRODUCTO2,2,6,7,3,NA,1,7,3,NA,1,7,7,111,59,NA,NA,NA,0,NA,NA,NA,NA,7,7,2,NA,NA,7,2,NA,NA,7,4,2,NA,NA,7,2,NA,NA,7,2,NA,NA,4,182
181015720,17,2,1,3,18,2,1,PRODUCTO1,1,6,9,1,2,NA,9,2,NA,NA,8,7,51,11,111,NA,NA,0,NA,NA,NA,NA,9,7,2,NA,NA,9,2,NA,NA,8,4,2,NA,NA,7,2,NA,NA,7,2,NA,NA,5,182
181015720,17,2,1,3,18,2,1,PRODUCTO2,2,7,9,2,NA,NA,9,2,NA,NA,9,9,111,51,11,NA,NA,0,NA,NA,NA,NA,9,8,2,NA,NA,9,2,NA,NA,9,4,2,NA,NA,8,2,NA,NA,9,2,NA,NA,5,182
181126200,4,2,2,1,15,2,1,PRODUCTO1,1,7,8,2,NA,NA,8,2,NA,NA,9,8,51,111,NA,NA,NA,0,NA,NA,NA,NA,7,8,2,NA,NA,8,2,NA,NA,9,3,2,NA,NA,8,2,NA,NA,8,2,NA,NA,4,182
181126200,4,2,2,1,15,2,1,PRODUCTO2,2,6,7,2,NA,NA,7,2,NA,NA,8,7,111,50,NA,NA,NA,0,NA,NA,NA,NA,7,8,2,NA,NA,7,2,NA,NA,8,4,2,NA,NA,7,2,NA,NA,9,2,NA,NA,4,182
181072715,4,2,2,2,15,2,2,PRODUCTO1,2,6,7,1,2,NA,8,3,NA,1,8,9,51,NA,NA,NA,NA,0,NA,NA,NA,NA,9,8,2,NA,NA,7,2,NA,NA,7,4,2,NA,NA,8,2,NA,NA,7,2,NA,NA,4,182
181072715,4,2,2,2,15,2,2,PRODUCTO2,1,7,8,2,NA,NA,7,2,NA,NA,9,9,111,51,275,NA,NA,0,NA,NA,NA,NA,7,8,2,NA,NA,9,2,NA,NA,7,5,2,NA,NA,8,2,NA,NA,9,2,NA,NA,5,182
181069034,4,2,1,2,27,3,2,PRODUCTO1,2,5,8,1,1,NA,9,3,NA,1,9,9,51,111,10,NA,NA,0,NA,NA,NA,NA,9,8,2,NA,NA,9,1,2,NA,8,5,3,NA,1,8,1,2,NA,8,3,NA,1,5,182
181069034,4,2,1,2,27,3,2,PRODUCTO2,1,7,9,2,NA,NA,9,1,2,NA,9,9,111,51,113,NA,NA,0,NA,NA,NA,NA,9,8,2,NA,NA,9,2,NA,NA,9,5,3,NA,1,9,2,NA,NA,9,2,NA,NA,5,182
180968691,4,2,2,3,38,3,2,PRODUCTO1,2,6,7,1,2,NA,9,2,NA,NA,8,8,51,277,283,NA,NA,0,NA,NA,NA,NA,9,7,2,NA,NA,9,2,NA,NA,8,4,2,NA,NA,9,2,NA,NA,9,2,NA,NA,5,781
180968691,4,2,2,3,38,3,2,PRODUCTO2,1,6,8,2,NA,NA,8,1,2,NA,9,9,111,302,115,NA,NA,0,NA,NA,NA,NA,9,8,2,NA,NA,9,2,NA,NA,9,4,2,NA,NA,9,2,NA,NA,9,2,NA,NA,5,781
181121716,4,2,1,2,39,3,1,PRODUCTO1,1,7,8,2,NA,NA,9,2,NA,NA,8,9,51,111,NA,NA,NA,0,NA,NA,NA,NA,9,9,2,NA,NA,9,2,NA,NA,9,5,2,NA,NA,8,2,NA,NA,9,2,NA,NA,5,781
181121716,4,2,1,2,39,3,1,PRODUCTO2,2,7,9,2,NA,NA,9,2,NA,NA,9,9,111,51,NA,NA,NA,0,NA,NA,NA,NA,9,9,2,NA,NA,9,2,NA,NA,9,5,2,NA,NA,9,2,NA,NA,9,2,NA,NA,5,781
181125969,4,2,2,2,25,2,2,PRODUCTO1,2,7,9,2,NA,NA,8,2,NA,NA,8,8,51,111,275,NA,NA,0,NA,NA,NA,NA,9,7,2,NA,NA,8,2,NA,NA,7,5,2,NA,NA,8,2,NA,NA,8,2,NA,NA,5,781
181125969,4,2,2,2,25,2,2,PRODUCTO2,1,6,7,1,1,NA,7,1,2,NA,8,8,111,201,275,NA,NA,0,NA,NA,NA,NA,7,7,2,NA,NA,7,2,NA,NA,7,4,2,NA,NA,7,2,NA,NA,8,2,NA,NA,5,781
181061697,4,2,2,2,36,3,1,PRODUCTO1,1,6,8,2,NA,NA,7,2,NA,NA,9,7,51,NA,NA,NA,NA,0,NA,NA,NA,NA,9,8,2,NA,NA,7,2,NA,NA,8,5,2,NA,NA,8,2,NA,NA,7,2,NA,NA,5,781
181061697,4,2,2,2,36,3,1,PRODUCTO2,2,7,9,2,NA,NA,7,2,NA,NA,9,9,111,51,NA,NA,NA,0,NA,NA,NA,NA,9,7,2,NA,NA,9,2,NA,NA,9,5,2,NA,NA,8,2,NA,NA,9,2,NA,NA,4,781
181065569,4,2,1,2,22,2,2,PRODUCTO1,2,6,7,2,NA,NA,7,2,NA,NA,7,7,51,111,NA,NA,NA,0,NA,NA,NA,NA,7,7,2,NA,NA,7,2,NA,NA,7,4,2,NA,NA,7,2,NA,NA,7,2,NA,NA,4,781
181065569,4,2,1,2,22,2,2,PRODUCTO2,1,6,7,2,NA,NA,8,2,NA,NA,8,7,111,88,51,NA,NA,0,NA,NA,NA,NA,4,7,1,2,NA,7,1,2,NA,7,4,2,NA,NA,7,2,NA,NA,7,2,NA,NA,5,781
181014952,17,2,2,3,30,3,1,PRODUCTO1,1,6,8,2,NA,NA,8,2,NA,NA,9,8,51,111,NA,NA,NA,0,NA,NA,NA,NA,8,8,2,NA,NA,8,2,NA,NA,8,4,2,NA,NA,8,2,NA,NA,8,2,NA,NA,5,781
181014952,17,2,2,3,30,3,1,PRODUCTO2,2,6,8,2,NA,NA,8,2,NA,NA,8,8,111,59,NA,NA,NA,0,NA,NA,NA,NA,8,7,2,NA,NA,8,2,NA,NA,8,4,2,NA,NA,8,2,NA,NA,8,2,NA,NA,4,781
180971953,4,2,1,3,15,2,2,PRODUCTO1,2,4,7,2,NA,NA,8,2,NA,NA,8,9,51,111,53,NA,NA,0,NA,NA,NA,NA,9,8,2,NA,NA,9,2,NA,NA,9,4,2,NA,NA,8,2,NA,NA,9,2,NA,NA,5,781
180971953,4,2,1,3,15,2,2,PRODUCTO2,1,5,7,1,2,NA,7,1,2,NA,7,7,111,51,NA,NA,NA,0,NA,NA,NA,NA,7,6,1,2,NA,7,1,2,NA,7,4,2,NA,NA,8,2,NA,NA,9,2,NA,NA,4,781
180971581,4,2,2,3,40,3,1,PRODUCTO1,1,6,9,2,NA,NA,9,2,NA,NA,9,8,51,113,288,NA,NA,0,NA,NA,NA,NA,9,9,2,NA,NA,9,2,NA,NA,9,5,2,NA,NA,8,2,NA,NA,9,2,NA,NA,5,781
180971581,4,2,2,3,40,3,1,PRODUCTO2,2,6,7,1,2,NA,7,3,NA,1,7,7,111,276,51,NA,NA,0,NA,NA,NA,NA,8,9,2,NA,NA,9,2,NA,NA,9,5,2,NA,NA,8,2,NA,NA,9,2,NA,NA,5,781
181032090,17,2,1,3,16,2,1,PRODUCTO1,1,7,9,2,NA,NA,7,2,NA,NA,9,9,51,111,NA,NA,NA,0,NA,NA,NA,NA,9,9,2,NA,NA,9,2,NA,NA,9,4,2,NA,NA,7,2,NA,NA,9,2,NA,NA,5,781
181032090,17,2,1,3,16,2,1,PRODUCTO2,2,7,9,2,NA,NA,9,2,NA,NA,9,9,111,51,NA,NA,NA,0,NA,NA,NA,NA,9,9,2,NA,NA,9,2,NA,NA,9,4,2,NA,NA,9,2,NA,NA,9,2,NA,NA,5,781
180976315,4,2,1,3,20,2,2,PRODUCTO1,2,5,7,3,NA,1,7,1,2,NA,7,7,51,111,NA,NA,NA,0,NA,NA,NA,NA,6,6,3,NA,1,7,3,NA,1,6,4,1,2,NA,7,1,2,NA,6,1,2,NA,4,182
180976315,4,2,1,3,20,2,2,PRODUCTO2,1,7,7,1,2,NA,7,1,2,NA,6,7,111,275,NA,NA,NA,0,NA,NA,NA,NA,7,6,3,NA,1,7,3,NA,1,7,4,3,NA,1,6,1,2,NA,7,1,2,NA,4,182
181032382,4,2,2,2,30,3,2,PRODUCTO1,2,7,8,2,NA,NA,9,2,NA,NA,9,9,51,NA,NA,NA,NA,0,NA,NA,NA,NA,9,8,2,NA,NA,9,2,NA,NA,9,4,2,NA,NA,9,2,NA,NA,8,2,NA,NA,5,781
181032382,4,2,2,2,30,3,2,PRODUCTO2,1,6,5,1,1,NA,8,2,NA,NA,8,8,111,51,NA,NA,NA,0,NA,NA,NA,NA,9,8,2,NA,NA,9,1,2,NA,9,5,2,NA,NA,9,2,NA,NA,9,2,NA,NA,5,781
181036101,17,2,1,2,21,2,2,PRODUCTO1,2,6,7,2,NA,NA,7,2,NA,NA,8,8,51,276,NA,NA,NA,0,NA,NA,NA,NA,8,8,2,NA,NA,8,2,NA,NA,7,4,2,NA,NA,8,2,NA,NA,8,2,NA,NA,5,781
181036101,17,2,1,2,21,2,2,PRODUCTO2,1,5,7,2,NA,NA,6,1,2,NA,7,7,111,51,NA,NA,NA,0,NA,NA,NA,NA,7,7,2,NA,NA,8,2,NA,NA,7,4,2,NA,NA,7,2,NA,NA,7,2,NA,NA,4,781
181025756,4,2,2,3,19,2,1,PRODUCTO1,1,6,9,1,2,NA,9,2,NA,NA,8,9,51,111,86,NA,NA,0,NA,NA,NA,NA,9,9,2,NA,NA,9,1,2,NA,8,4,2,NA,NA,9,2,NA,NA,9,2,NA,NA,5,781
181025756,4,2,2,3,19,2,1,PRODUCTO2,2,7,8,1,2,NA,9,3,NA,1,9,9,275,51,56,111,NA,0,NA,NA,NA,NA,9,9,2,NA,NA,9,3,NA,1,9,5,2,NA,NA,9,2,NA,NA,9,2,NA,NA,5,781
180945499,4,2,2,3,39,3,1,PRODUCTO1,1,6,9,2,NA,NA,9,3,NA,2,9,9,51,NA,NA,NA,NA,0,NA,NA,NA,NA,9,9,2,NA,NA,9,2,NA,NA,9,5,3,NA,2,9,2,NA,NA,9,2,NA,NA,5,781
180945499,4,2,2,3,39,3,1,PRODUCTO2,2,7,9,2,NA,NA,7,3,NA,2,9,9,275,51,111,NA,NA,0,NA,NA,NA,NA,9,9,2,NA,NA,9,3,NA,2,8,5,3,NA,2,9,3,NA,2,8,2,NA,NA,5,781
181113996,4,2,1,2,40,3,1,PRODUCTO1,1,7,8,2,NA,NA,8,2,NA,NA,8,8,51,111,86,NA,NA,0,NA,NA,NA,NA,8,8,2,NA,NA,8,2,NA,NA,8,4,2,NA,NA,8,2,NA,NA,8,2,NA,NA,4,781
181113996,4,2,1,2,40,3,1,PRODUCTO2,2,6,8,2,NA,NA,8,2,NA,NA,8,8,303,111,59,87,NA,0,NA,NA,NA,NA,8,8,2,NA,NA,8,3,NA,1,8,5,2,NA,NA,8,2,NA,NA,8,3,NA,1,5,781
181115384,4,2,1,2,40,3,2,PRODUCTO1,2,7,9,2,NA,NA,9,2,NA,NA,9,9,51,88,201,NA,NA,0,NA,NA,NA,NA,9,9,2,NA,NA,9,2,NA,NA,9,3,2,NA,NA,9,2,NA,NA,9,2,NA,NA,5,781
181115384,4,2,1,2,40,3,2,PRODUCTO2,1,7,9,2,NA,NA,9,2,NA,NA,9,9,303,117,50,NA,NA,0,NA,NA,NA,NA,9,9,2,NA,NA,9,2,NA,NA,9,2,2,NA,NA,9,2,NA,NA,9,2,NA,NA,5,781
181016368,17,2,2,3,32,3,2,PRODUCTO1,2,6,9,2,NA,NA,9,2,NA,NA,9,9,51,202,10,NA,NA,0,NA,NA,NA,NA,9,9,2,NA,NA,9,2,NA,NA,9,5,2,NA,NA,9,2,NA,NA,7,2,NA,NA,5,781
181016368,17,2,2,3,32,3,2,PRODUCTO2,1,7,6,3,NA,1,7,2,NA,NA,8,9,53,51,NA,NA,NA,310,NA,NA,NA,NA,8,7,2,NA,NA,9,3,NA,1,8,5,2,NA,NA,7,3,NA,1,7,2,NA,NA,5,781
181061734,4,2,1,2,28,3,1,PRODUCTO1,1,6,7,1,2,NA,7,1,2,NA,8,8,51,111,10,NA,NA,0,NA,NA,NA,NA,8,8,2,NA,NA,8,2,NA,NA,7,4,2,NA,NA,7,2,NA,NA,7,2,NA,NA,4,182
181061734,4,2,1,2,28,3,1,PRODUCTO2,2,6,6,3,NA,2,6,3,NA,2,6,6,112,NA,NA,NA,NA,310,311,NA,NA,NA,6,6,3,NA,2,6,3,NA,2,6,3,1,1,NA,6,3,NA,2,6,3,NA,2,4,182
181068223,4,2,1,2,39,3,2,PRODUCTO1,2,6,9,1,2,NA,8,1,1,NA,7,9,51,57,111,NA,NA,0,NA,NA,NA,NA,9,8,1,1,NA,9,1,1,NA,9,5,2,NA,NA,9,2,NA,NA,9,2,NA,NA,5,781
181068223,4,2,1,2,39,3,2,PRODUCTO2,1,3,5,3,NA,2,9,2,NA,NA,8,5,0,NA,NA,NA,NA,355,367,310,504,NA,4,4,3,NA,2,3,1,1,NA,9,1,1,2,NA,4,1,1,NA,4,1,1,NA,2,781
180971127,4,2,1,3,40,3,2,PRODUCTO1,2,7,8,2,NA,NA,8,2,NA,NA,9,9,51,275,280,NA,NA,0,NA,NA,NA,NA,9,8,2,NA,NA,9,2,NA,NA,9,5,2,NA,NA,9,2,NA,NA,9,2,NA,NA,5,781
180971127,4,2,1,3,40,3,2,PRODUCTO2,1,6,6,1,1,NA,6,1,1,NA,6,6,87,NA,NA,NA,NA,355,390,NA,NA,NA,6,4,3,NA,2,6,1,1,NA,6,2,1,2,NA,6,1,2,NA,6,1,1,NA,2,781
180946581,4,2,2,3,32,3,1,PRODUCTO1,1,7,7,2,NA,NA,7,2,NA,NA,7,7,51,57,NA,NA,NA,0,NA,NA,NA,NA,7,7,2,NA,NA,7,2,NA,NA,7,4,2,NA,NA,7,2,NA,NA,7,2,NA,NA,5,182
180946581,4,2,2,3,32,3,1,PRODUCTO2,2,5,6,1,2,NA,6,3,NA,1,6,6,111,NA,NA,NA,NA,355,NA,NA,NA,NA,6,6,1,2,NA,4,1,2,NA,6,5,3,NA,1,6,3,NA,1,6,3,NA,1,4,182
180945578,4,2,2,3,35,3,2,PRODUCTO1,2,7,9,2,NA,NA,9,2,NA,NA,9,9,51,111,10,NA,NA,0,NA,NA,NA,NA,9,9,2,NA,NA,9,2,NA,NA,9,4,2,NA,NA,9,2,NA,NA,9,2,NA,NA,5,781
180945578,4,2,2,3,35,3,2,PRODUCTO2,1,5,6,1,2,NA,7,3,NA,1,6,6,111,57,12,NA,NA,355,391,315,NA,NA,6,5,3,NA,2,6,1,2,NA,7,4,1,2,NA,6,1,2,NA,6,1,2,NA,4,781
181017248,17,2,2,3,35,3,1,PRODUCTO1,1,7,8,2,NA,NA,9,2,NA,NA,9,8,51,111,11,277,NA,0,NA,NA,NA,NA,9,9,2,NA,NA,9,2,NA,NA,9,4,2,NA,NA,8,2,NA,NA,9,2,NA,NA,5,781
181017248,17,2,2,3,35,3,1,PRODUCTO2,2,6,7,1,2,NA,8,2,NA,NA,8,8,111,86,275,NA,NA,355,NA,NA,NA,NA,8,9,2,NA,NA,7,1,2,NA,8,4,2,NA,NA,9,2,NA,NA,9,2,NA,NA,5,781
180968739,4,2,2,3,31,3,2,PRODUCTO1,2,7,8,1,2,NA,9,2,NA,NA,9,9,51,111,113,NA,NA,0,NA,NA,NA,NA,9,9,1,1,NA,9,2,NA,NA,9,5,2,NA,NA,9,2,NA,NA,9,2,NA,NA,5,781
180968739,4,2,2,3,31,3,2,PRODUCTO2,1,4,5,3,NA,1,8,1,2,NA,4,4,113,NA,NA,NA,NA,362,412,707,390,NA,3,2,3,NA,2,2,1,1,NA,3,2,1,1,NA,2,3,NA,1,3,3,NA,1,3,781
180948514,4,2,1,3,15,2,2,PRODUCTO1,2,6,8,1,2,NA,9,1,2,NA,9,9,51,10,NA,NA,NA,0,NA,NA,NA,NA,8,3,3,NA,2,9,2,NA,NA,7,3,1,1,NA,6,3,NA,1,9,1,2,NA,5,182
180948514,4,2,1,3,15,2,2,PRODUCTO2,1,6,8,3,NA,2,9,3,NA,2,6,9,51,NA,NA,NA,NA,390,NA,NA,NA,NA,9,4,3,NA,2,8,3,NA,2,7,3,3,NA,2,7,3,NA,2,7,3,NA,2,5,182
181032183,17,2,1,3,40,3,1,PRODUCTO1,1,3,8,2,NA,NA,8,2,NA,NA,9,9,51,88,NA,NA,NA,0,NA,NA,NA,NA,8,8,2,NA,NA,8,2,NA,NA,8,4,2,NA,NA,8,2,NA,NA,7,2,NA,NA,4,781
181032183,17,2,1,3,40,3,1,PRODUCTO2,2,5,8,2,NA,NA,7,3,NA,1,8,9,51,NA,NA,NA,NA,390,NA,NA,NA,NA,8,7,3,NA,2,8,2,NA,NA,8,5,2,NA,NA,8,2,NA,NA,8,2,NA,NA,4,781
180971952,4,2,2,3,40,3,2,PRODUCTO1,2,5,9,2,NA,NA,9,2,NA,NA,7,7,51,NA,NA,NA,NA,0,NA,NA,NA,NA,9,7,2,NA,NA,7,2,NA,NA,9,4,1,2,NA,9,2,NA,NA,8,2,NA,NA,5,781
180971952,4,2,2,3,40,3,2,PRODUCTO2,1,5,7,1,2,NA,9,1,2,NA,7,6,111,NA,NA,NA,NA,390,507,NA,NA,NA,6,4,3,NA,2,4,1,1,NA,6,5,2,NA,NA,7,2,NA,NA,7,2,NA,NA,4,781
180965562,4,2,2,3,21,2,1,PRODUCTO1,1,7,8,3,NA,2,9,3,NA,1,9,9,51,113,11,NA,NA,0,NA,NA,NA,NA,9,9,3,NA,1,9,3,NA,2,9,3,1,2,NA,9,2,NA,NA,9,2,NA,NA,5,182
180965562,4,2,2,3,21,2,1,PRODUCTO2,2,4,6,1,2,NA,6,1,2,NA,6,6,111,275,51,NA,NA,390,NA,NA,NA,NA,8,6,3,NA,2,8,3,NA,2,6,3,1,2,NA,8,1,2,NA,8,1,2,NA,3,182
181012061,4,2,1,2,22,2,2,PRODUCTO1,2,7,9,2,NA,NA,5,3,NA,1,9,9,51,113,203,NA,NA,0,NA,NA,NA,NA,9,9,2,NA,NA,9,2,NA,NA,9,2,2,NA,NA,9,2,NA,NA,9,2,NA,NA,5,781
181012061,4,2,1,2,22,2,2,PRODUCTO2,1,5,5,3,NA,2,8,2,NA,NA,9,6,111,NA,NA,NA,NA,390,361,NA,NA,NA,6,3,3,NA,2,6,3,NA,1,4,2,2,NA,NA,8,2,NA,NA,7,3,NA,1,4,781
181065624,4,2,2,2,40,3,2,PRODUCTO1,2,7,9,2,NA,NA,9,2,NA,NA,9,9,51,275,288,NA,NA,0,NA,NA,NA,NA,9,9,2,NA,NA,9,2,NA,NA,9,5,2,NA,NA,9,2,NA,NA,9,2,NA,NA,5,781
181065624,4,2,2,2,40,3,2,PRODUCTO2,1,6,6,1,2,NA,8,1,2,NA,8,8,275,288,NA,NA,NA,390,NA,NA,NA,NA,6,6,3,NA,1,8,2,NA,NA,8,4,1,2,NA,8,1,2,NA,8,1,2,NA,4,781
181109760,4,2,1,2,34,3,1,PRODUCTO1,1,6,8,3,NA,2,6,3,NA,2,8,8,51,NA,NA,NA,NA,0,NA,NA,NA,NA,8,8,1,2,NA,8,1,2,NA,8,4,3,NA,2,8,1,2,NA,8,1,2,NA,5,182
181109760,4,2,1,2,34,3,1,PRODUCTO2,2,2,2,1,1,NA,7,1,1,NA,8,6,57,51,NA,NA,NA,391,NA,NA,NA,NA,8,5,1,1,NA,2,1,1,NA,5,4,1,1,NA,8,3,NA,2,8,1,1,NA,4,182
181016387,17,2,2,3,28,3,2,PRODUCTO1,2,5,8,2,NA,NA,8,2,NA,NA,8,8,51,111,88,NA,NA,0,NA,NA,NA,NA,9,8,2,NA,NA,9,2,NA,NA,9,4,2,NA,NA,8,2,NA,NA,8,2,NA,NA,5,781
181016387,17,2,2,3,28,3,2,PRODUCTO2,1,5,6,1,2,NA,6,1,2,NA,6,6,113,57,51,NA,NA,391,NA,NA,NA,NA,6,7,1,2,NA,6,1,2,NA,6,2,1,2,NA,6,1,2,NA,6,1,2,NA,4,781
180972202,4,2,1,3,38,3,1,PRODUCTO1,1,7,9,2,NA,NA,9,2,NA,NA,9,9,51,113,111,288,NA,0,NA,NA,NA,NA,9,9,2,NA,NA,8,2,NA,NA,9,5,3,NA,2,9,2,NA,NA,9,2,NA,NA,5,182
180972202,4,2,1,3,38,3,1,PRODUCTO2,2,3,4,1,1,NA,4,3,NA,2,4,6,288,NA,NA,NA,NA,392,355,NA,NA,NA,6,3,1,1,NA,6,1,1,NA,4,2,1,1,NA,4,1,1,NA,6,1,1,NA,2,182
181070628,4,2,1,2,27,3,2,PRODUCTO1,2,7,9,3,NA,1,8,2,NA,NA,8,8,51,111,NA,NA,NA,0,NA,NA,NA,NA,9,9,2,NA,NA,9,2,NA,NA,8,5,2,NA,NA,9,2,NA,NA,7,2,NA,NA,5,781
181070628,4,2,1,2,27,3,2,PRODUCTO2,1,5,7,1,2,NA,8,1,2,NA,7,6,57,51,NA,NA,NA,412,355,NA,NA,NA,5,6,1,1,NA,5,1,2,NA,5,3,1,2,NA,4,1,1,NA,5,1,1,NA,3,781
181032087,17,2,2,3,17,2,2,PRODUCTO1,2,6,7,3,NA,1,8,2,NA,NA,9,8,51,111,NA,NA,NA,0,NA,NA,NA,NA,9,8,2,NA,NA,9,3,NA,1,9,4,2,NA,NA,8,2,NA,NA,9,2,NA,NA,4,781
181032087,17,2,2,3,17,2,2,PRODUCTO2,1,5,4,3,NA,2,5,1,2,NA,5,6,111,NA,NA,NA,NA,507,390,NA,NA,NA,6,5,3,NA,1,6,3,NA,1,6,4,2,NA,NA,7,2,NA,NA,7,2,NA,NA,3,781
180962524,4,2,1,3,39,3,2,PRODUCTO1,2,7,9,2,NA,NA,9,2,NA,NA,9,9,51,111,115,NA,NA,0,NA,NA,NA,NA,9,9,2,NA,NA,9,2,NA,NA,9,4,1,2,NA,8,2,NA,NA,9,2,NA,NA,5,781
180962524,4,2,1,3,39,3,2,PRODUCTO2,1,5,6,1,2,NA,6,1,2,NA,6,7,51,86,201,NA,NA,703,NA,NA,NA,NA,7,8,3,NA,1,8,1,2,NA,8,3,1,2,NA,7,1,2,NA,7,1,2,NA,4,781
181071574,4,2,1,2,35,3,2,PRODUCTO1,2,6,7,1,1,NA,8,2,NA,NA,9,7,51,111,NA,NA,NA,0,NA,NA,NA,NA,8,7,2,NA,NA,9,2,NA,NA,8,3,1,2,NA,7,2,NA,NA,8,2,NA,NA,5,781
181071574,4,2,1,2,35,3,2,PRODUCTO2,1,5,7,3,NA,2,6,1,1,NA,7,7,51,117,111,NA,NA,703,NA,NA,NA,NA,7,7,2,NA,NA,6,1,2,NA,7,3,1,2,NA,7,1,1,NA,6,1,2,NA,4,781
181015721,17,2,2,3,28,3,2,PRODUCTO1,2,6,7,2,NA,NA,9,2,NA,NA,9,7,51,111,NA,NA,NA,0,NA,NA,NA,NA,9,8,2,NA,NA,9,2,NA,NA,9,5,2,NA,NA,8,2,NA,NA,8,2,NA,NA,5,781
181015721,17,2,2,3,28,3,2,PRODUCTO2,1,6,7,2,NA,NA,7,1,2,NA,8,7,111,87,NA,NA,NA,703,NA,NA,NA,NA,7,6,3,NA,2,7,1,2,NA,6,4,1,2,NA,7,2,NA,NA,6,1,2,NA,4,781
181116571,4,2,2,2,37,3,2,PRODUCTO1,2,6,8,2,NA,NA,8,2,NA,NA,8,8,51,86,111,115,NA,0,NA,NA,NA,NA,8,8,2,NA,NA,9,2,NA,NA,9,5,2,NA,NA,8,2,NA,NA,8,2,NA,NA,5,182
181116571,4,2,2,2,37,3,2,PRODUCTO2,1,7,9,2,NA,NA,9,2,NA,NA,9,9,59,87,115,NA,NA,705,NA,NA,NA,NA,9,9,2,NA,NA,9,2,NA,NA,9,4,2,NA,NA,8,2,NA,NA,9,2,NA,NA,5,182
180977519,4,2,1,3,15,2,2,PRODUCTO1,2,7,7,2,NA,NA,9,2,NA,NA,6,7,51,275,NA,NA,NA,0,NA,NA,NA,NA,8,6,1,2,NA,9,2,NA,NA,7,5,3,NA,1,8,2,NA,NA,7,3,NA,2,5,781
180977519,4,2,1,3,15,2,2,PRODUCTO2,1,4,6,1,2,NA,6,1,2,NA,6,6,51,111,NA,NA,NA,708,NA,NA,NA,NA,6,7,2,NA,NA,9,1,2,NA,8,5,3,NA,1,7,2,NA,NA,8,3,NA,2,4,781
181063796,4,2,2,2,35,3,2,PRODUCTO1,2,5,6,1,2,NA,5,1,2,NA,6,8,51,111,275,NA,NA,0,NA,NA,NA,NA,8,8,2,NA,NA,7,2,NA,NA,7,4,2,NA,NA,7,2,NA,NA,8,2,NA,NA,5,781
181063796,4,2,2,2,35,3,2,PRODUCTO2,1,4,4,1,2,NA,6,1,2,NA,5,6,111,12,NA,NA,NA,708,NA,NA,NA,NA,6,7,2,NA,NA,4,1,2,NA,5,5,2,NA,NA,7,2,NA,NA,7,2,NA,NA,4,781
181067299,4,2,2,2,28,3,2,PRODUCTO1,2,6,9,2,NA,NA,9,2,NA,NA,8,8,57,NA,NA,NA,NA,0,NA,NA,NA,NA,9,9,2,NA,NA,8,2,NA,NA,8,5,2,NA,NA,9,2,NA,NA,9,2,NA,NA,5,781
181067299,4,2,2,2,28,3,2,PRODUCTO2,1,6,8,2,NA,NA,9,2,NA,NA,9,9,59,NA,NA,NA,NA,0,NA,NA,NA,NA,9,9,2,NA,NA,9,2,NA,NA,9,5,2,NA,NA,9,2,NA,NA,9,2,NA,NA,5,781
181060052,4,2,1,2,32,3,2,PRODUCTO1,2,6,7,3,NA,1,7,3,NA,1,7,8,57,51,NA,NA,NA,0,NA,NA,NA,NA,8,7,2,NA,NA,8,2,NA,NA,7,2,2,NA,NA,7,2,NA,NA,7,2,NA,NA,5,781
181060052,4,2,1,2,32,3,2,PRODUCTO2,1,5,6,3,NA,1,6,1,2,NA,7,7,51,56,303,117,NA,703,NA,NA,NA,NA,7,7,3,NA,1,7,3,NA,1,7,3,1,2,NA,7,1,2,NA,7,1,2,NA,5,781
181066920,4,2,1,2,28,3,1,PRODUCTO1,1,5,7,2,NA,NA,9,1,2,NA,9,9,59,11,111,NA,NA,0,NA,NA,NA,NA,9,9,2,NA,NA,9,2,NA,NA,9,4,2,NA,NA,6,3,NA,1,9,2,NA,NA,5,781
181066920,4,2,1,2,28,3,1,PRODUCTO2,2,7,8,1,2,NA,9,3,NA,2,9,9,51,56,111,NA,NA,0,NA,NA,NA,NA,9,7,1,2,NA,9,3,NA,2,9,4,2,NA,NA,9,2,NA,NA,9,2,NA,NA,5,781
181072701,4,2,2,2,18,2,2,PRODUCTO1,2,7,9,2,NA,NA,8,2,NA,NA,9,9,59,111,NA,NA,NA,0,NA,NA,NA,NA,9,8,2,NA,NA,9,2,NA,NA,9,4,2,NA,NA,8,3,NA,1,9,2,NA,NA,5,781
181072701,4,2,2,2,18,2,2,PRODUCTO2,1,6,8,3,NA,1,9,2,NA,NA,9,9,51,57,NA,NA,NA,0,NA,NA,NA,NA,9,9,2,NA,NA,9,2,NA,NA,9,3,2,NA,NA,8,3,NA,1,9,2,NA,NA,5,781
181018225,17,2,1,3,15,2,1,PRODUCTO1,1,5,8,3,NA,2,7,3,NA,2,7,9,59,111,NA,NA,NA,0,NA,NA,NA,NA,8,7,1,1,NA,8,3,NA,2,9,5,1,1,NA,8,3,NA,2,9,3,NA,1,5,781
181018225,17,2,1,3,15,2,1,PRODUCTO2,2,5,8,3,NA,2,8,3,NA,2,8,9,51,NA,NA,NA,NA,0,NA,NA,NA,NA,9,7,1,1,NA,9,3,NA,2,8,5,3,NA,2,6,3,NA,2,7,3,NA,1,4,781
181062122,4,2,1,2,27,3,1,PRODUCTO1,1,4,6,1,2,NA,7,1,2,NA,8,6,59,NA,NA,NA,NA,0,NA,NA,NA,NA,8,8,2,NA,NA,8,2,NA,NA,7,4,2,NA,NA,8,3,NA,1,6,1,1,NA,4,182
181062122,4,2,1,2,27,3,1,PRODUCTO2,2,3,6,1,2,NA,6,1,1,NA,7,6,111,NA,NA,NA,NA,0,NA,NA,NA,NA,6,6,1,2,NA,7,1,2,NA,6,3,1,2,NA,7,1,2,NA,6,1,1,NA,4,182
181068939,4,2,2,2,15,2,2,PRODUCTO1,2,7,9,2,NA,NA,8,2,NA,NA,9,9,59,NA,NA,NA,NA,0,NA,NA,NA,NA,9,9,2,NA,NA,9,2,NA,NA,9,5,2,NA,NA,9,2,NA,NA,9,2,NA,NA,5,781
181068939,4,2,2,2,15,2,2,PRODUCTO2,1,7,8,2,NA,NA,9,2,NA,NA,8,9,277,51,NA,NA,NA,0,NA,NA,NA,NA,9,9,2,NA,NA,9,2,NA,NA,9,5,2,NA,NA,7,2,NA,NA,9,2,NA,NA,5,781
181058699,4,2,2,2,33,3,1,PRODUCTO1,1,7,8,2,NA,NA,8,2,NA,NA,9,9,59,10,13,111,NA,0,NA,NA,NA,NA,9,9,2,NA,NA,9,2,NA,NA,8,4,2,NA,NA,8,2,NA,NA,9,2,NA,NA,5,182
181058699,4,2,2,2,33,3,1,PRODUCTO2,2,3,6,3,NA,2,2,3,NA,2,4,2,0,NA,NA,NA,NA,361,505,390,702,NA,5,1,3,NA,2,3,3,NA,2,3,2,1,1,NA,3,1,1,NA,3,1,2,NA,1,182
180965561,4,2,2,3,20,2,2,PRODUCTO1,2,6,8,2,NA,NA,7,3,NA,2,9,9,59,111,276,NA,NA,0,NA,NA,NA,NA,9,9,2,NA,NA,8,2,NA,NA,9,4,2,NA,NA,9,2,NA,NA,9,2,NA,NA,5,781
180965561,4,2,2,3,20,2,2,PRODUCTO2,1,5,6,1,2,NA,6,1,2,NA,6,6,111,289,281,NA,NA,390,703,NA,NA,NA,4,2,3,NA,2,3,1,2,NA,3,2,1,2,NA,1,1,2,NA,3,1,2,NA,4,781
181160042,1,2,2,2,23,2,2,PRODUCTO1,2,6,8,3,NA,2,8,3,NA,2,8,9,59,111,10,NA,NA,0,NA,NA,NA,NA,9,7,2,NA,NA,9,2,NA,NA,7,4,2,NA,NA,7,1,2,NA,9,2,NA,NA,5,781
181160042,1,2,2,2,23,2,2,PRODUCTO2,1,6,7,1,1,NA,7,1,1,NA,6,6,111,57,51,NA,NA,412,NA,NA,NA,NA,6,7,2,NA,NA,7,1,1,NA,7,3,1,1,NA,6,3,NA,2,6,1,2,NA,4,781
181058782,4,2,2,2,39,3,1,PRODUCTO1,1,7,9,3,NA,2,9,3,NA,2,9,9,59,NA,NA,NA,NA,0,NA,NA,NA,NA,9,9,2,NA,NA,9,2,NA,NA,9,5,3,NA,2,9,2,NA,NA,9,3,NA,2,5,182
181058782,4,2,2,2,39,3,1,PRODUCTO2,2,7,7,1,1,NA,6,1,2,NA,6,7,57,51,NA,NA,NA,700,713,NA,NA,NA,7,7,2,NA,NA,6,1,1,NA,6,4,1,2,NA,6,1,1,NA,6,3,NA,1,4,182
180948426,4,2,1,3,32,3,2,PRODUCTO1,2,7,9,3,NA,2,8,3,NA,1,8,9,59,276,NA,NA,NA,0,NA,NA,NA,NA,8,7,2,NA,NA,9,3,NA,2,9,3,2,NA,NA,7,2,NA,NA,8,2,NA,NA,4,781
180948426,4,2,1,3,32,3,2,PRODUCTO2,1,2,3,3,NA,2,3,3,NA,2,3,3,0,NA,NA,NA,NA,703,355,NA,NA,NA,3,4,3,NA,2,2,1,1,NA,4,1,1,1,NA,4,1,1,NA,4,1,1,NA,1,781
180966093,4,2,1,3,24,2,2,PRODUCTO1,2,7,8,2,NA,NA,7,2,NA,NA,8,8,59,276,NA,NA,NA,0,NA,NA,NA,NA,8,7,2,NA,NA,9,2,NA,NA,8,4,2,NA,NA,8,2,NA,NA,7,2,NA,NA,5,781
180966093,4,2,1,3,24,2,2,PRODUCTO2,1,5,6,1,2,NA,6,1,1,NA,6,6,51,NA,NA,NA,NA,703,355,NA,NA,NA,6,6,1,2,NA,6,1,1,NA,6,3,1,2,NA,6,1,2,NA,6,1,1,NA,4,781
181113246,4,2,1,2,33,3,1,PRODUCTO1,1,3,7,2,NA,NA,7,2,NA,NA,8,8,63,51,NA,NA,NA,0,NA,NA,NA,NA,9,8,2,NA,NA,9,2,NA,NA,9,4,2,NA,NA,9,2,NA,NA,8,2,NA,NA,5,182
181113246,4,2,1,2,33,3,1,PRODUCTO2,2,2,4,3,NA,1,6,3,NA,2,4,6,0,NA,NA,NA,NA,504,713,NA,NA,NA,6,6,3,NA,1,6,1,1,NA,6,2,1,2,NA,6,3,NA,2,6,3,NA,2,4,182
181030282,17,2,2,3,18,2,1,PRODUCTO1,1,5,6,1,2,NA,7,3,NA,1,6,7,86,NA,NA,NA,NA,0,NA,NA,NA,NA,7,7,2,NA,NA,7,2,NA,NA,7,4,2,NA,NA,7,2,NA,NA,8,2,NA,NA,4,781
181030282,17,2,2,3,18,2,1,PRODUCTO2,2,5,8,1,2,NA,7,2,NA,NA,7,8,59,111,NA,NA,NA,0,NA,NA,NA,NA,8,7,2,NA,NA,8,2,NA,NA,7,4,2,NA,NA,7,2,NA,NA,7,2,NA,NA,4,781
181021876,17,2,2,3,40,3,1,PRODUCTO1,1,7,9,2,NA,NA,9,2,NA,NA,9,9,87,111,NA,NA,NA,0,NA,NA,NA,NA,9,9,2,NA,NA,9,2,NA,NA,9,5,2,NA,NA,9,2,NA,NA,9,2,NA,NA,5,781
181021876,17,2,2,3,40,3,1,PRODUCTO2,2,7,9,2,NA,NA,9,2,NA,NA,9,9,51,111,81,NA,NA,0,NA,NA,NA,NA,9,9,2,NA,NA,9,2,NA,NA,9,5,2,NA,NA,9,2,NA,NA,9,2,NA,NA,5,781
180946429,4,2,2,3,15,2,1,PRODUCTO1,1,7,8,2,NA,NA,8,2,NA,NA,9,9,87,111,NA,NA,NA,0,NA,NA,NA,NA,9,8,2,NA,NA,9,2,NA,NA,8,5,2,NA,NA,7,2,NA,NA,9,2,NA,NA,4,781
180946429,4,2,2,3,15,2,1,PRODUCTO2,2,7,9,2,NA,NA,8,2,NA,NA,8,9,86,111,276,NA,NA,0,NA,NA,NA,NA,9,7,2,NA,NA,9,2,NA,NA,8,5,2,NA,NA,8,2,NA,NA,7,2,NA,NA,5,781
180949003,4,2,1,3,15,2,1,PRODUCTO1,1,3,7,2,NA,NA,8,2,NA,NA,8,8,87,NA,NA,NA,NA,0,NA,NA,NA,NA,9,9,2,NA,NA,8,2,NA,NA,7,3,3,NA,1,8,2,NA,NA,7,2,NA,NA,5,182
180949003,4,2,1,3,15,2,1,PRODUCTO2,2,6,7,2,NA,NA,9,2,NA,NA,7,9,86,111,NA,NA,NA,0,NA,NA,NA,NA,9,7,2,NA,NA,8,2,NA,NA,9,5,3,NA,1,9,3,NA,1,9,1,2,NA,5,182
181126095,4,2,1,2,40,3,1,PRODUCTO1,1,4,6,1,1,NA,7,2,NA,NA,7,8,87,NA,NA,NA,NA,0,NA,NA,NA,NA,8,7,2,NA,NA,8,2,NA,NA,7,3,2,NA,NA,8,2,NA,NA,8,2,NA,NA,4,781
181126095,4,2,1,2,40,3,1,PRODUCTO2,2,6,7,2,NA,NA,7,2,NA,NA,8,8,87,NA,NA,NA,NA,0,NA,NA,NA,NA,8,7,2,NA,NA,8,2,NA,NA,8,4,2,NA,NA,8,2,NA,NA,8,2,NA,NA,4,781
181021657,4,2,2,2,35,3,2,PRODUCTO1,2,7,8,2,NA,NA,7,2,NA,NA,8,8,87,51,NA,NA,NA,0,NA,NA,NA,NA,9,8,2,NA,NA,8,2,NA,NA,9,4,2,NA,NA,7,2,NA,NA,7,2,NA,NA,5,781
181021657,4,2,2,2,35,3,2,PRODUCTO2,1,6,7,3,NA,1,6,1,2,NA,6,7,51,NA,NA,NA,NA,703,NA,NA,NA,NA,8,7,1,2,NA,7,1,2,NA,8,3,1,2,NA,7,2,NA,NA,7,2,NA,NA,4,781
181011981,4,2,2,3,32,3,2,PRODUCTO1,2,6,8,2,NA,NA,9,3,NA,1,7,9,88,59,113,NA,NA,0,NA,NA,NA,NA,9,9,2,NA,NA,8,2,NA,NA,9,4,2,NA,NA,8,2,NA,NA,8,2,NA,NA,5,781
181011981,4,2,2,3,32,3,2,PRODUCTO2,1,4,2,3,NA,2,2,1,1,NA,3,2,113,303,281,NA,NA,310,390,507,508,NA,3,1,3,NA,2,3,3,NA,2,2,3,3,NA,1,6,3,NA,1,5,1,1,NA,2,781
181125311,4,2,2,2,25,2,2,PRODUCTO1,2,5,8,2,NA,NA,9,2,NA,NA,8,9,88,65,NA,NA,NA,0,NA,NA,NA,NA,9,9,2,NA,NA,9,2,NA,NA,9,4,2,NA,NA,9,2,NA,NA,9,2,NA,NA,4,781
181125311,4,2,2,2,25,2,2,PRODUCTO2,1,7,7,1,1,NA,5,1,1,NA,7,7,65,NA,NA,NA,NA,703,NA,NA,NA,NA,9,9,2,NA,NA,9,2,NA,NA,9,4,2,NA,NA,8,2,NA,NA,8,2,NA,NA,4,781
180969098,4,2,1,3,40,3,1,PRODUCTO1,1,6,9,1,2,NA,7,1,2,NA,9,9,111,113,NA,NA,NA,0,NA,NA,NA,NA,8,7,2,NA,NA,9,1,2,NA,8,4,3,NA,2,9,3,NA,2,9,1,2,NA,4,781
180969098,4,2,1,3,40,3,1,PRODUCTO2,2,7,9,3,NA,1,9,3,NA,2,9,9,51,111,78,NA,NA,0,NA,NA,NA,NA,9,9,2,NA,NA,9,3,NA,2,9,5,3,NA,2,9,3,NA,2,9,3,NA,2,5,781
181070259,4,2,2,2,18,2,1,PRODUCTO1,1,5,7,1,2,NA,8,1,2,NA,8,9,111,117,NA,NA,NA,0,NA,NA,NA,NA,9,9,1,2,NA,9,1,2,NA,7,3,1,2,NA,9,1,2,NA,9,1,2,NA,5,781
181070259,4,2,2,2,18,2,1,PRODUCTO2,2,5,6,3,NA,2,9,3,NA,2,6,9,51,111,276,NA,NA,0,NA,NA,NA,NA,9,9,3,NA,2,9,3,NA,2,9,4,3,NA,2,9,3,NA,2,9,3,NA,2,5,781
181069422,4,2,1,2,15,2,2,PRODUCTO1,2,6,8,2,NA,NA,7,2,NA,NA,9,9,111,59,201,NA,NA,0,NA,NA,NA,NA,9,8,2,NA,NA,9,2,NA,NA,9,4,2,NA,NA,9,2,NA,NA,9,2,NA,NA,5,781
181069422,4,2,1,2,15,2,2,PRODUCTO2,1,7,8,2,NA,NA,7,2,NA,NA,8,9,51,113,111,NA,NA,0,NA,NA,NA,NA,9,7,2,NA,NA,8,2,NA,NA,9,3,2,NA,NA,7,2,NA,NA,8,2,NA,NA,5,781
181071554,4,2,1,2,26,3,2,PRODUCTO1,2,7,7,2,NA,NA,9,2,NA,NA,9,9,111,51,NA,NA,NA,0,NA,NA,NA,NA,9,9,2,NA,NA,9,2,NA,NA,9,4,2,NA,NA,9,2,NA,NA,9,2,NA,NA,5,781
181071554,4,2,1,2,26,3,2,PRODUCTO2,1,7,9,2,NA,NA,9,2,NA,NA,9,9,51,113,111,NA,NA,0,NA,NA,NA,NA,9,9,2,NA,NA,9,2,NA,NA,9,5,2,NA,NA,9,2,NA,NA,9,2,NA,NA,5,781
181066475,4,2,1,2,18,2,2,PRODUCTO1,2,6,9,3,NA,1,8,3,NA,1,9,9,111,51,NA,NA,NA,0,NA,NA,NA,NA,9,9,2,NA,NA,9,3,NA,2,9,5,3,NA,2,9,3,NA,2,9,3,NA,2,5,781
181066475,4,2,1,2,18,2,2,PRODUCTO2,1,7,9,3,NA,2,9,3,NA,2,8,9,51,111,275,NA,NA,0,NA,NA,NA,NA,9,9,1,2,NA,9,3,NA,2,9,5,3,NA,2,9,3,NA,2,9,3,NA,2,5,781
181111222,4,2,2,2,27,3,1,PRODUCTO1,1,6,7,2,NA,NA,7,2,NA,NA,8,7,111,51,NA,NA,NA,0,NA,NA,NA,NA,9,9,2,NA,NA,9,2,NA,NA,8,4,1,2,NA,7,2,NA,NA,8,2,NA,NA,5,781
181111222,4,2,2,2,27,3,1,PRODUCTO2,2,7,6,1,2,NA,9,3,NA,1,9,9,51,111,275,NA,NA,0,NA,NA,NA,NA,9,9,2,NA,NA,9,2,NA,NA,9,5,2,NA,NA,9,3,NA,1,9,2,NA,NA,5,781
181058698,4,2,2,2,33,3,1,PRODUCTO1,1,5,7,1,2,NA,6,1,2,NA,7,7,111,114,NA,NA,NA,0,NA,NA,NA,NA,6,7,1,2,NA,7,1,2,NA,7,4,1,2,NA,6,1,2,NA,6,1,2,NA,5,781
181058698,4,2,2,2,33,3,1,PRODUCTO2,2,7,9,2,NA,NA,9,3,NA,2,8,9,59,276,10,NA,NA,0,NA,NA,NA,NA,9,8,2,NA,NA,9,2,NA,NA,9,5,3,NA,2,9,2,NA,NA,8,2,NA,NA,5,781
180948439,4,2,1,3,15,2,1,PRODUCTO1,1,7,7,2,NA,NA,8,2,NA,NA,7,9,111,51,NA,NA,NA,0,NA,NA,NA,NA,8,7,2,NA,NA,8,2,NA,NA,6,4,2,NA,NA,8,2,NA,NA,7,2,NA,NA,4,781
180948439,4,2,1,3,15,2,1,PRODUCTO2,2,5,7,2,NA,NA,8,2,NA,NA,8,9,59,NA,NA,NA,NA,0,NA,NA,NA,NA,9,9,2,NA,NA,9,2,NA,NA,8,5,2,NA,NA,9,2,NA,NA,8,2,NA,NA,5,781
180966428,4,2,2,3,40,3,2,PRODUCTO1,2,5,8,2,NA,NA,9,2,NA,NA,8,9,111,51,NA,NA,NA,0,NA,NA,NA,NA,8,9,2,NA,NA,9,2,NA,NA,8,4,2,NA,NA,9,2,NA,NA,9,2,NA,NA,5,781
180966428,4,2,2,3,40,3,2,PRODUCTO2,1,6,7,3,NA,2,8,2,NA,NA,8,9,59,111,NA,NA,NA,0,NA,NA,NA,NA,9,9,2,NA,NA,9,2,NA,NA,8,5,2,NA,NA,9,2,NA,NA,9,2,NA,NA,5,781
180966956,4,2,2,3,32,3,1,PRODUCTO1,1,7,7,1,2,NA,8,3,NA,1,9,9,111,50,NA,NA,NA,0,NA,NA,NA,NA,6,7,1,2,NA,8,2,NA,NA,9,3,2,NA,NA,7,2,NA,NA,8,2,NA,NA,5,781
180966956,4,2,2,3,32,3,1,PRODUCTO2,2,7,9,2,NA,NA,7,2,NA,NA,8,9,59,111,275,NA,NA,0,NA,NA,NA,NA,9,8,2,NA,NA,9,2,NA,NA,9,5,3,NA,1,7,2,NA,NA,8,2,NA,NA,5,781
180966427,4,2,2,3,19,2,1,PRODUCTO1,1,5,9,2,NA,NA,8,2,NA,NA,9,9,111,59,277,NA,NA,0,NA,NA,NA,NA,9,9,2,NA,NA,9,2,NA,NA,9,5,2,NA,NA,8,2,NA,NA,9,2,NA,NA,5,781
180966427,4,2,2,3,19,2,1,PRODUCTO2,2,7,9,2,NA,NA,9,2,NA,NA,9,9,59,275,111,NA,NA,0,NA,NA,NA,NA,8,9,2,NA,NA,9,2,NA,NA,9,5,2,NA,NA,9,2,NA,NA,9,2,NA,NA,5,781
181032089,17,2,1,3,22,2,2,PRODUCTO1,2,7,9,2,NA,NA,9,2,NA,NA,9,9,111,51,NA,NA,NA,0,NA,NA,NA,NA,9,9,3,NA,2,9,2,NA,NA,9,2,2,NA,NA,9,3,NA,1,9,2,NA,NA,5,182
181032089,17,2,1,3,22,2,2,PRODUCTO2,1,6,9,2,NA,NA,9,2,NA,NA,9,9,111,57,NA,NA,NA,0,NA,NA,NA,NA,9,9,2,NA,NA,8,2,NA,NA,9,3,2,NA,NA,9,2,NA,NA,9,2,NA,NA,5,182
181031856,17,2,2,3,21,2,2,PRODUCTO1,2,7,9,2,NA,NA,9,2,NA,NA,9,9,111,51,NA,NA,NA,0,NA,NA,NA,NA,9,9,2,NA,NA,9,2,NA,NA,9,5,2,NA,NA,9,2,NA,NA,9,2,NA,NA,5,781
181031856,17,2,2,3,21,2,2,PRODUCTO2,1,7,9,2,NA,NA,9,2,NA,NA,9,9,111,51,87,NA,NA,0,NA,NA,NA,NA,9,9,2,NA,NA,9,2,NA,NA,9,5,2,NA,NA,9,2,NA,NA,9,2,NA,NA,5,781
180969134,4,2,2,3,20,2,1,PRODUCTO1,1,6,7,2,NA,NA,8,2,NA,NA,7,8,111,51,NA,NA,NA,0,NA,NA,NA,NA,7,7,2,NA,NA,8,2,NA,NA,8,4,2,NA,NA,7,2,NA,NA,7,2,NA,NA,4,781
180969134,4,2,2,3,20,2,1,PRODUCTO2,2,7,9,2,NA,NA,9,2,NA,NA,9,9,111,201,276,11,NA,0,NA,NA,NA,NA,9,8,2,NA,NA,9,2,NA,NA,9,5,2,NA,NA,9,2,NA,NA,9,2,NA,NA,5,781
180965563,4,2,1,3,16,2,2,PRODUCTO1,2,7,9,2,NA,NA,9,2,NA,NA,9,9,111,51,87,NA,NA,0,NA,NA,NA,NA,9,8,2,NA,NA,9,2,NA,NA,9,3,2,NA,NA,9,2,NA,NA,8,2,NA,NA,5,182
180965563,4,2,1,3,16,2,2,PRODUCTO2,1,7,9,2,NA,NA,9,2,NA,NA,9,9,111,51,NA,NA,NA,0,NA,NA,NA,NA,8,9,2,NA,NA,9,2,NA,NA,8,4,2,NA,NA,9,2,NA,NA,9,2,NA,NA,5,182
181064839,4,2,1,2,18,2,1,PRODUCTO1,1,3,7,1,2,NA,6,1,2,NA,7,7,111,87,NA,NA,NA,0,NA,NA,NA,NA,7,7,1,2,NA,7,1,2,NA,7,3,1,2,NA,7,1,2,NA,7,1,2,NA,4,781
181064839,4,2,1,2,18,2,1,PRODUCTO2,2,6,7,3,NA,1,8,3,NA,1,7,8,111,59,NA,NA,NA,0,NA,NA,NA,NA,9,8,2,NA,NA,8,3,NA,1,8,4,3,NA,1,7,1,2,NA,8,3,NA,1,5,781
180962636,4,2,2,3,39,3,2,PRODUCTO1,2,6,9,3,NA,2,8,3,NA,2,9,9,111,51,NA,NA,NA,0,NA,NA,NA,NA,9,8,2,NA,NA,8,2,NA,NA,8,5,2,NA,NA,6,1,1,NA,6,1,1,NA,5,781
180962636,4,2,2,3,39,3,2,PRODUCTO2,1,5,8,2,NA,NA,6,1,1,NA,6,6,113,111,NA,NA,NA,0,NA,NA,NA,NA,6,6,3,NA,2,6,1,1,NA,5,2,1,2,NA,6,1,2,NA,5,1,2,NA,3,781
180968696,4,2,2,3,40,3,1,PRODUCTO1,1,7,7,2,NA,NA,8,2,NA,NA,8,4,111,86,NA,NA,NA,0,NA,NA,NA,NA,9,7,2,NA,NA,7,2,NA,NA,7,5,2,NA,NA,6,1,2,NA,7,2,NA,NA,5,182
180968696,4,2,2,3,40,3,1,PRODUCTO2,2,5,6,1,2,NA,5,3,NA,1,6,7,51,56,NA,NA,NA,315,NA,NA,NA,NA,7,7,2,NA,NA,7,2,NA,NA,7,5,2,NA,NA,6,1,2,NA,7,2,NA,NA,4,182
181063043,4,2,1,2,20,2,2,PRODUCTO1,2,6,7,2,NA,NA,8,2,NA,NA,7,7,111,51,280,NA,NA,0,NA,NA,NA,NA,7,7,2,NA,NA,7,2,NA,NA,7,4,2,NA,NA,7,2,NA,NA,7,2,NA,NA,4,781
181063043,4,2,1,2,20,2,2,PRODUCTO2,1,3,7,2,NA,NA,3,1,1,NA,6,5,13,NA,NA,NA,NA,390,703,NA,NA,NA,6,6,3,NA,2,6,3,NA,1,6,3,1,2,NA,4,1,2,NA,6,1,2,NA,3,781
180971798,4,2,2,3,15,2,2,PRODUCTO1,2,7,9,2,NA,NA,7,3,NA,1,9,9,111,51,61,NA,NA,0,NA,NA,NA,NA,8,6,1,2,NA,9,2,NA,NA,8,5,2,NA,NA,9,2,NA,NA,9,2,NA,NA,5,781
180971798,4,2,2,3,15,2,2,PRODUCTO2,1,5,9,2,NA,NA,7,1,2,NA,7,6,51,111,NA,NA,NA,390,NA,NA,NA,NA,7,5,3,NA,1,9,2,NA,NA,7,4,2,NA,NA,6,1,2,NA,8,1,2,NA,4,781
180977518,4,2,1,3,39,3,2,PRODUCTO1,2,6,9,2,NA,NA,7,2,NA,NA,7,9,111,51,NA,NA,NA,0,NA,NA,NA,NA,8,8,2,NA,NA,9,2,NA,NA,8,5,2,NA,NA,8,2,NA,NA,7,2,NA,NA,5,781
180977518,4,2,1,3,39,3,2,PRODUCTO2,1,6,7,2,NA,NA,8,2,NA,NA,8,7,111,64,NA,NA,NA,390,354,NA,NA,NA,7,4,3,NA,2,7,3,NA,1,7,3,1,2,NA,8,2,NA,NA,7,2,NA,NA,5,781
181160792,1,2,1,2,32,3,1,PRODUCTO1,1,6,8,2,NA,NA,8,1,2,NA,8,8,111,51,11,NA,NA,0,NA,NA,NA,NA,8,9,2,NA,NA,9,2,NA,NA,8,4,2,NA,NA,7,1,2,NA,8,1,2,NA,5,182
181160792,1,2,1,2,32,3,1,PRODUCTO2,2,7,9,2,NA,NA,9,2,NA,NA,9,8,51,280,NA,NA,NA,413,412,NA,NA,NA,9,9,3,NA,1,9,2,NA,NA,7,3,1,2,NA,7,1,1,NA,7,1,2,NA,4,182
181015803,4,2,1,2,29,3,1,PRODUCTO1,1,6,8,2,NA,NA,7,1,2,NA,8,9,111,51,117,203,NA,0,NA,NA,NA,NA,9,8,2,NA,NA,9,2,NA,NA,8,5,3,NA,2,8,1,2,NA,7,3,NA,1,4,182
181015803,4,2,1,2,29,3,1,PRODUCTO2,2,5,7,1,1,NA,8,3,NA,2,7,7,111,NA,NA,NA,NA,504,NA,NA,NA,NA,7,7,2,NA,NA,7,1,1,NA,8,4,1,2,NA,7,1,2,NA,8,1,2,NA,4,182
181058873,4,2,2,2,36,3,1,PRODUCTO1,1,7,9,2,NA,NA,8,2,NA,NA,8,9,111,51,NA,NA,NA,0,NA,NA,NA,NA,8,9,2,NA,NA,9,2,NA,NA,9,5,2,NA,NA,9,2,NA,NA,9,2,NA,NA,5,182
181058873,4,2,2,2,36,3,1,PRODUCTO2,2,3,2,3,NA,2,3,3,NA,1,3,3,0,NA,NA,NA,NA,702,NA,NA,NA,NA,2,3,3,NA,2,6,3,NA,2,1,2,1,2,NA,3,1,1,NA,1,1,1,NA,1,182
180966979,4,2,1,3,40,3,2,PRODUCTO1,2,7,7,2,NA,NA,7,3,NA,1,7,7,111,276,64,NA,NA,0,NA,NA,NA,NA,7,7,2,NA,NA,8,2,NA,NA,7,5,2,NA,NA,7,2,NA,NA,7,2,NA,NA,5,781
180966979,4,2,1,3,40,3,2,PRODUCTO2,1,5,7,3,NA,2,6,1,1,NA,4,7,10,13,51,NA,NA,703,NA,NA,NA,NA,3,7,2,NA,NA,7,1,2,NA,7,4,2,NA,NA,7,2,NA,NA,7,2,NA,NA,5,781
181162950,1,2,1,2,40,3,2,PRODUCTO1,2,6,7,1,2,NA,8,1,2,NA,8,8,111,51,NA,NA,NA,0,NA,NA,NA,NA,9,8,1,2,NA,9,3,NA,2,9,4,1,2,NA,8,1,2,NA,8,1,2,NA,5,781
181162950,1,2,1,2,40,3,2,PRODUCTO2,1,5,6,1,2,NA,6,1,1,NA,6,6,51,111,88,NA,NA,731,NA,NA,NA,NA,5,6,1,2,NA,5,1,1,NA,5,1,1,1,NA,4,3,NA,2,4,1,1,NA,3,781
180977130,4,2,2,3,40,3,1,PRODUCTO1,1,6,8,2,NA,NA,8,2,NA,NA,8,8,112,11,10,88,NA,0,NA,NA,NA,NA,8,8,2,NA,NA,8,2,NA,NA,7,5,2,NA,NA,7,2,NA,NA,7,2,NA,NA,5,182
180977130,4,2,2,3,40,3,1,PRODUCTO2,2,5,6,3,NA,1,6,3,NA,1,6,6,59,NA,NA,NA,NA,390,NA,NA,NA,NA,6,6,3,NA,1,6,3,NA,1,6,2,1,2,NA,6,1,2,NA,6,1,2,NA,4,182
181071540,4,2,2,2,15,2,1,PRODUCTO1,1,7,9,2,NA,NA,9,2,NA,NA,9,9,113,111,275,NA,NA,0,NA,NA,NA,NA,9,1,1,1,NA,9,2,NA,NA,9,5,2,NA,NA,9,2,NA,NA,9,2,NA,NA,5,781
181071540,4,2,2,2,15,2,1,PRODUCTO2,2,7,9,2,NA,NA,9,2,NA,NA,9,9,50,111,275,NA,NA,0,NA,NA,NA,NA,9,7,2,NA,NA,9,2,NA,NA,9,5,2,NA,NA,9,2,NA,NA,9,3,NA,2,5,781
181109816,4,2,2,1,26,3,1,PRODUCTO1,1,7,8,2,NA,NA,9,2,NA,NA,9,9,113,275,51,NA,NA,0,NA,NA,NA,NA,9,8,2,NA,NA,9,2,NA,NA,9,5,2,NA,NA,9,2,NA,NA,9,2,NA,NA,4,781
181109816,4,2,2,1,26,3,1,PRODUCTO2,2,6,9,2,NA,NA,9,2,NA,NA,9,9,51,111,NA,NA,NA,0,NA,NA,NA,NA,9,9,2,NA,NA,9,2,NA,NA,9,5,2,NA,NA,9,2,NA,NA,9,2,NA,NA,5,781
181119549,4,2,2,2,19,2,2,PRODUCTO1,2,5,7,1,1,NA,6,3,NA,1,8,7,113,117,87,NA,NA,0,NA,NA,NA,NA,8,7,2,NA,NA,9,2,NA,NA,7,4,2,NA,NA,7,3,NA,1,8,2,NA,NA,5,182
181119549,4,2,2,2,19,2,2,PRODUCTO2,1,5,7,3,NA,2,8,1,1,NA,8,7,88,113,NA,NA,NA,0,NA,NA,NA,NA,8,7,1,1,NA,8,2,NA,NA,7,2,1,1,NA,7,2,NA,NA,8,1,2,NA,4,182
181068457,4,2,1,2,31,3,1,PRODUCTO1,1,6,7,2,NA,NA,9,3,NA,1,8,9,115,51,201,NA,NA,0,NA,NA,NA,NA,9,8,2,NA,NA,9,2,NA,NA,9,4,2,NA,NA,9,2,NA,NA,9,2,NA,NA,5,781
181068457,4,2,1,2,31,3,1,PRODUCTO2,2,7,8,3,NA,1,9,3,NA,2,9,8,51,111,201,NA,NA,0,NA,NA,NA,NA,9,8,1,2,NA,9,3,NA,1,9,5,2,NA,NA,9,3,NA,1,9,3,NA,1,5,781
180975607,4,2,1,3,40,3,2,PRODUCTO1,2,6,9,3,NA,1,9,3,NA,2,9,9,276,NA,NA,NA,NA,0,NA,NA,NA,NA,9,8,1,2,NA,9,3,NA,2,8,4,3,NA,1,9,3,NA,2,9,2,NA,NA,5,182
180975607,4,2,1,3,40,3,2,PRODUCTO2,1,7,9,3,NA,2,9,3,NA,2,9,8,303,NA,NA,NA,NA,0,NA,NA,NA,NA,8,9,1,2,NA,9,1,2,NA,9,4,2,NA,NA,9,3,NA,1,9,3,NA,1,4,182
180971800,4,2,1,3,16,2,2,PRODUCTO1,2,5,7,1,2,NA,5,1,1,NA,6,8,283,57,51,NA,NA,0,NA,NA,NA,NA,9,9,2,NA,NA,9,2,NA,NA,7,4,3,NA,2,9,1,2,NA,8,2,NA,NA,4,781
180971800,4,2,1,3,16,2,2,PRODUCTO2,1,3,5,1,1,NA,6,1,2,NA,6,6,86,57,51,NA,NA,413,703,NA,NA,NA,5,7,1,1,NA,5,1,1,NA,7,2,1,1,NA,4,3,NA,1,5,1,1,NA,3,781
181031763,17,2,1,3,15,2,1,PRODUCTO1,1,7,9,2,NA,NA,9,2,NA,NA,9,8,51,11,NA,NA,NA,315,NA,NA,NA,NA,9,7,2,NA,NA,9,2,NA,NA,8,5,3,NA,2,9,2,NA,NA,8,2,NA,NA,5,781
181031763,17,2,1,3,15,2,1,PRODUCTO2,2,7,9,2,NA,NA,8,3,NA,1,9,9,276,10,NA,NA,NA,0,NA,NA,NA,NA,9,5,3,NA,1,9,2,NA,NA,8,5,2,NA,NA,8,2,NA,NA,9,2,NA,NA,5,781
181111833,4,2,1,2,26,3,2,PRODUCTO1,2,6,4,1,1,NA,6,1,2,NA,7,6,53,NA,NA,NA,NA,315,NA,NA,NA,NA,6,5,1,1,NA,2,1,1,NA,5,3,1,1,NA,5,1,1,NA,5,1,1,NA,2,182
181111833,4,2,1,2,26,3,2,PRODUCTO2,1,7,9,3,NA,2,9,3,NA,2,9,9,51,10,NA,NA,NA,0,NA,NA,NA,NA,9,9,3,NA,1,9,3,NA,2,9,5,3,NA,2,8,3,NA,2,9,3,NA,2,5,182
181060203,4,2,2,2,15,2,2,PRODUCTO1,2,3,6,1,2,NA,6,1,2,NA,6,6,51,113,NA,NA,NA,316,NA,NA,NA,NA,4,3,1,2,NA,6,1,2,NA,6,2,1,2,NA,6,1,1,NA,6,1,2,NA,3,182
181060203,4,2,2,2,15,2,2,PRODUCTO2,1,6,8,3,NA,1,8,3,NA,1,7,8,51,NA,NA,NA,NA,705,NA,NA,NA,NA,8,7,3,NA,1,7,1,2,NA,7,2,1,2,NA,7,3,NA,1,6,3,NA,1,4,182
181113151,4,2,1,2,32,3,2,PRODUCTO1,2,7,8,3,NA,1,7,3,NA,2,7,8,51,57,70,NA,NA,355,NA,NA,NA,NA,8,7,2,NA,NA,6,1,1,NA,7,4,1,2,NA,7,2,NA,NA,7,2,NA,NA,5,182
181113151,4,2,1,2,32,3,2,PRODUCTO2,1,7,7,1,2,NA,6,1,2,NA,7,8,59,NA,NA,NA,NA,390,NA,NA,NA,NA,8,6,3,NA,2,8,3,NA,1,8,5,2,NA,NA,8,2,NA,NA,7,2,NA,NA,5,182
181123191,4,2,2,2,22,2,2,PRODUCTO1,2,6,7,1,1,NA,7,3,NA,2,7,9,51,NA,NA,NA,NA,355,NA,NA,NA,NA,7,7,2,NA,NA,7,1,2,NA,7,2,1,2,NA,7,2,NA,NA,7,2,NA,NA,4,781
181123191,4,2,2,2,22,2,2,PRODUCTO2,1,5,6,3,NA,1,4,1,2,NA,6,5,51,86,NA,NA,NA,412,703,NA,NA,NA,5,6,3,NA,1,6,1,1,NA,5,2,1,1,NA,6,1,1,NA,7,2,NA,NA,3,781
181062032,4,2,1,2,15,2,1,PRODUCTO1,1,6,7,2,NA,NA,9,2,NA,NA,7,9,51,NA,NA,NA,NA,355,NA,NA,NA,NA,8,9,2,NA,NA,8,2,NA,NA,9,5,2,NA,NA,9,2,NA,NA,8,2,NA,NA,5,182
181062032,4,2,1,2,15,2,1,PRODUCTO2,2,6,9,2,NA,NA,8,3,NA,1,8,7,51,NA,NA,NA,NA,702,NA,NA,NA,NA,8,6,1,2,NA,9,2,NA,NA,7,3,2,NA,NA,7,2,NA,NA,8,2,NA,NA,5,182
181116746,4,2,1,2,37,3,2,PRODUCTO1,2,6,7,1,1,NA,7,1,1,NA,7,6,111,112,NA,NA,NA,355,707,NA,NA,NA,6,6,1,1,NA,6,1,1,NA,6,4,2,NA,NA,7,2,NA,NA,7,2,NA,NA,3,182
181116746,4,2,1,2,37,3,2,PRODUCTO2,1,7,9,2,NA,NA,9,2,NA,NA,9,9,276,280,13,10,112,0,NA,NA,NA,NA,9,9,2,NA,NA,9,2,NA,NA,9,5,2,NA,NA,9,2,NA,NA,9,2,NA,NA,5,182
180968506,4,2,2,3,25,2,1,PRODUCTO1,1,5,9,2,NA,NA,8,2,NA,NA,6,6,113,NA,NA,NA,NA,355,NA,NA,NA,NA,7,4,1,2,NA,5,1,2,NA,4,5,2,NA,NA,6,1,2,NA,7,1,2,NA,4,781
180968506,4,2,2,3,25,2,1,PRODUCTO2,2,7,9,2,NA,NA,8,2,NA,NA,7,9,113,59,NA,NA,NA,0,NA,NA,NA,NA,7,7,2,NA,NA,9,2,NA,NA,7,4,2,NA,NA,9,2,NA,NA,7,2,NA,NA,4,781
181064017,4,2,2,2,40,3,1,PRODUCTO1,1,3,6,1,2,NA,2,1,2,NA,6,6,70,88,NA,NA,NA,356,355,NA,NA,NA,6,8,2,NA,NA,6,1,2,NA,6,5,2,NA,NA,6,1,2,NA,8,1,2,NA,4,781
181064017,4,2,2,2,40,3,1,PRODUCTO2,2,6,7,2,NA,NA,8,2,NA,NA,8,9,51,302,111,NA,NA,0,NA,NA,NA,NA,9,8,2,NA,NA,9,2,NA,NA,9,5,2,NA,NA,9,2,NA,NA,9,2,NA,NA,5,781
180964077,4,2,2,3,40,3,1,PRODUCTO1,1,3,4,3,NA,1,1,1,2,NA,1,1,0,NA,NA,NA,NA,367,NA,NA,NA,NA,3,1,1,2,NA,2,1,2,NA,2,3,1,2,NA,2,1,2,NA,2,1,1,NA,4,781
180964077,4,2,2,3,40,3,1,PRODUCTO2,2,6,7,1,2,NA,8,3,NA,2,9,9,51,86,64,NA,NA,0,NA,NA,NA,NA,9,9,3,NA,2,9,3,NA,2,9,5,3,NA,2,9,3,NA,2,9,3,NA,2,5,781
180945745,4,2,2,3,39,3,1,PRODUCTO1,1,7,7,2,NA,NA,8,2,NA,NA,8,8,51,NA,NA,NA,NA,390,NA,NA,NA,NA,8,6,3,NA,1,8,2,NA,NA,8,3,2,NA,NA,7,2,NA,NA,8,2,NA,NA,5,781
180945745,4,2,2,3,39,3,1,PRODUCTO2,2,7,9,2,NA,NA,9,2,NA,NA,9,9,51,201,NA,NA,NA,0,NA,NA,NA,NA,9,8,1,2,NA,9,2,NA,NA,9,3,2,NA,NA,9,2,NA,NA,8,1,2,NA,5,781
181015718,4,2,2,3,22,2,1,PRODUCTO1,1,5,7,1,2,NA,7,1,2,NA,6,7,51,111,113,NA,NA,390,NA,NA,NA,NA,7,5,3,NA,1,7,3,NA,1,6,4,2,NA,NA,7,3,NA,1,7,2,NA,NA,4,781
181015718,4,2,2,3,22,2,1,PRODUCTO2,2,7,9,2,NA,NA,7,2,NA,NA,7,9,111,51,NA,NA,NA,0,NA,NA,NA,NA,9,8,2,NA,NA,8,3,NA,1,8,5,3,NA,1,7,1,2,NA,8,2,NA,NA,5,781
181066193,4,2,1,2,18,2,1,PRODUCTO1,1,3,7,1,1,NA,7,2,NA,NA,8,9,51,111,NA,NA,NA,390,NA,NA,NA,NA,8,4,3,NA,1,8,2,NA,NA,8,4,2,NA,NA,8,2,NA,NA,6,1,2,NA,5,781
181066193,4,2,1,2,18,2,1,PRODUCTO2,2,6,7,2,NA,NA,7,2,NA,NA,8,8,111,51,86,NA,NA,0,NA,NA,NA,NA,8,7,2,NA,NA,9,2,NA,NA,8,5,2,NA,NA,7,2,NA,NA,8,2,NA,NA,5,781
181069425,4,2,2,2,17,2,1,PRODUCTO1,1,5,8,2,NA,NA,8,3,NA,1,7,8,51,111,303,NA,NA,390,NA,NA,NA,NA,8,5,3,NA,1,9,2,NA,NA,8,5,2,NA,NA,9,2,NA,NA,9,2,NA,NA,5,182
181069425,4,2,2,2,17,2,1,PRODUCTO2,2,7,9,1,1,NA,9,3,NA,2,9,7,275,111,303,283,86,361,NA,NA,NA,NA,7,9,2,NA,NA,7,1,2,NA,8,4,2,NA,NA,8,2,NA,NA,8,2,NA,NA,4,182
180965815,4,2,2,3,18,2,1,PRODUCTO1,1,6,8,3,NA,1,9,2,NA,NA,8,9,51,111,NA,NA,NA,390,NA,NA,NA,NA,9,7,3,NA,1,8,2,NA,NA,7,3,1,2,NA,8,2,NA,NA,8,2,NA,NA,4,781
180965815,4,2,2,3,18,2,1,PRODUCTO2,2,7,8,2,NA,NA,9,2,NA,NA,9,9,51,58,87,113,NA,504,NA,NA,NA,NA,9,7,2,NA,NA,8,2,NA,NA,8,2,1,2,NA,6,1,2,NA,8,2,NA,NA,5,781
180967385,4,2,2,3,37,3,1,PRODUCTO1,1,6,7,2,NA,NA,7,2,NA,NA,8,7,111,114,117,276,51,390,NA,NA,NA,NA,7,6,3,NA,1,7,2,NA,NA,7,4,2,NA,NA,8,2,NA,NA,7,2,NA,NA,4,781
180967385,4,2,2,3,37,3,1,PRODUCTO2,2,6,6,1,2,NA,6,3,NA,1,6,8,86,112,111,57,51,713,NA,NA,NA,NA,9,9,2,NA,NA,9,2,NA,NA,9,5,2,NA,NA,8,2,NA,NA,9,2,NA,NA,5,781
180948517,4,2,1,3,17,2,1,PRODUCTO1,1,3,2,1,2,NA,6,1,2,NA,6,8,113,12,NA,NA,NA,390,NA,NA,NA,NA,6,6,1,2,NA,6,1,2,NA,6,2,1,2,NA,4,1,2,NA,3,3,NA,1,2,182
180948517,4,2,1,3,17,2,1,PRODUCTO2,2,3,6,1,1,NA,8,3,NA,1,7,7,12,88,NA,NA,NA,0,NA,NA,NA,NA,7,6,1,2,NA,7,1,2,NA,7,1,1,2,NA,6,1,2,NA,7,1,2,NA,3,182
181022935,17,2,2,3,15,2,2,PRODUCTO1,2,6,8,2,NA,NA,9,2,NA,NA,9,9,51,NA,NA,NA,NA,392,NA,NA,NA,NA,9,5,1,2,NA,9,2,NA,NA,9,4,2,NA,NA,9,3,NA,2,9,3,NA,1,4,781
181022935,17,2,2,3,15,2,2,PRODUCTO2,1,7,9,2,NA,NA,8,3,NA,1,7,9,51,NA,NA,NA,NA,0,NA,NA,NA,NA,9,6,1,1,NA,9,3,NA,2,9,5,2,NA,NA,9,2,NA,NA,9,3,NA,2,5,781
181021309,17,2,2,3,31,3,1,PRODUCTO1,1,5,7,2,NA,NA,7,2,NA,NA,7,6,113,275,288,NA,NA,392,NA,NA,NA,NA,6,4,1,2,NA,6,1,2,NA,6,5,2,NA,NA,8,2,NA,NA,7,2,NA,NA,4,781
181021309,17,2,2,3,31,3,1,PRODUCTO2,2,5,6,3,NA,1,6,3,NA,1,6,7,113,NA,NA,NA,NA,313,315,NA,NA,NA,7,7,2,NA,NA,7,2,NA,NA,7,5,2,NA,NA,8,2,NA,NA,7,2,NA,NA,4,781
181124257,4,2,2,2,18,2,2,PRODUCTO1,2,5,7,1,2,NA,8,3,NA,1,8,7,51,NA,NA,NA,NA,412,NA,NA,NA,NA,7,7,1,2,NA,7,1,2,NA,7,2,3,NA,1,6,3,NA,1,7,1,2,NA,4,781
181124257,4,2,2,2,18,2,2,PRODUCTO2,1,4,6,3,NA,1,6,1,1,NA,7,6,111,NA,NA,NA,NA,507,703,NA,NA,NA,6,7,1,2,NA,6,1,2,NA,5,3,1,2,NA,7,1,2,NA,6,1,2,NA,3,781
181010391,17,2,1,3,15,2,1,PRODUCTO1,1,7,9,2,NA,NA,8,2,NA,NA,8,8,59,NA,NA,NA,NA,412,NA,NA,NA,NA,9,8,3,NA,1,9,2,NA,NA,9,3,1,2,NA,7,1,2,NA,8,2,NA,NA,5,781
181010391,17,2,1,3,15,2,1,PRODUCTO2,2,7,9,2,NA,NA,9,2,NA,NA,9,9,59,111,NA,NA,NA,0,NA,NA,NA,NA,9,9,2,NA,NA,9,2,NA,NA,9,5,2,NA,NA,8,2,NA,NA,9,2,NA,NA,5,781
180977207,4,2,1,3,15,2,2,PRODUCTO1,2,3,7,2,NA,NA,8,2,NA,NA,7,8,51,10,NA,NA,NA,413,NA,NA,NA,NA,6,6,3,NA,1,8,2,NA,NA,6,4,2,NA,NA,6,3,NA,1,4,3,NA,1,4,781
180977207,4,2,1,3,15,2,2,PRODUCTO2,1,4,6,1,2,NA,3,1,1,NA,3,4,51,111,NA,NA,NA,703,NA,NA,NA,NA,5,4,3,NA,2,7,2,NA,NA,5,4,2,NA,NA,6,1,2,NA,5,1,2,NA,4,781
181064772,4,2,1,2,17,2,1,PRODUCTO1,1,6,7,1,2,NA,5,1,2,NA,7,7,51,111,115,NA,NA,502,NA,NA,NA,NA,8,8,2,NA,NA,7,1,2,NA,5,2,1,2,NA,7,2,NA,NA,8,2,NA,NA,4,781
181064772,4,2,1,2,17,2,1,PRODUCTO2,2,5,8,2,NA,NA,9,2,NA,NA,6,9,56,202,115,276,201,355,NA,NA,NA,NA,8,7,1,2,NA,7,2,NA,NA,8,3,1,1,NA,9,2,NA,NA,8,2,NA,NA,5,781
181069037,4,2,1,2,17,2,1,PRODUCTO1,1,6,7,2,NA,NA,8,3,NA,1,8,8,111,88,57,NA,NA,505,NA,NA,NA,NA,7,7,2,NA,NA,7,2,NA,NA,7,2,2,NA,NA,7,2,NA,NA,8,2,NA,NA,4,781
181069037,4,2,1,2,17,2,1,PRODUCTO2,2,7,7,2,NA,NA,8,2,NA,NA,7,9,57,88,111,NA,NA,0,NA,NA,NA,NA,6,8,2,NA,NA,8,2,NA,NA,8,5,2,NA,NA,8,2,NA,NA,8,2,NA,NA,5,781
181168838,1,2,1,3,26,3,1,PRODUCTO1,1,6,7,1,2,NA,7,1,2,NA,8,7,57,51,288,NA,NA,509,NA,NA,NA,NA,8,7,3,NA,1,8,1,2,NA,7,3,1,2,NA,7,1,2,NA,6,1,2,NA,5,781
181168838,1,2,1,3,26,3,1,PRODUCTO2,2,7,8,1,2,NA,8,1,2,NA,7,8,111,59,NA,NA,NA,713,NA,NA,NA,NA,8,7,3,NA,1,8,1,2,NA,8,4,1,2,NA,6,1,2,NA,7,1,2,NA,5,781
181059096,4,2,2,2,40,3,2,PRODUCTO1,2,4,7,2,NA,NA,5,3,NA,1,5,7,88,302,NA,NA,NA,509,NA,NA,NA,NA,6,5,3,NA,1,6,3,NA,1,6,3,3,NA,1,5,1,2,NA,6,3,NA,1,4,182
181059096,4,2,2,2,40,3,2,PRODUCTO2,1,3,4,3,NA,1,5,1,2,NA,5,6,111,57,51,86,65,0,NA,NA,NA,NA,7,7,2,NA,NA,7,2,NA,NA,5,4,2,NA,NA,7,2,NA,NA,8,2,NA,NA,5,182
181016600,17,2,2,3,16,2,2,PRODUCTO1,2,6,8,2,NA,NA,7,1,2,NA,7,8,51,111,113,NA,NA,700,NA,NA,NA,NA,9,8,2,NA,NA,9,2,NA,NA,8,3,1,2,NA,8,2,NA,NA,8,1,2,NA,5,781
181016600,17,2,2,3,16,2,2,PRODUCTO2,1,6,8,2,NA,NA,8,1,2,NA,8,8,87,NA,NA,NA,NA,412,NA,NA,NA,NA,8,9,2,NA,NA,8,1,2,NA,8,1,1,1,NA,8,2,NA,NA,7,1,2,NA,4,781
181118498,4,2,2,2,17,2,2,PRODUCTO1,2,5,6,3,NA,1,4,3,NA,1,7,8,11,12,88,NA,NA,702,NA,NA,NA,NA,8,9,1,2,NA,8,1,2,NA,9,4,1,2,NA,8,1,2,NA,8,3,NA,1,5,781
181118498,4,2,2,2,17,2,2,PRODUCTO2,1,3,2,3,NA,2,7,1,2,NA,6,4,111,NA,NA,NA,NA,310,316,NA,NA,NA,5,6,3,NA,1,6,3,NA,1,5,5,3,NA,1,8,3,NA,1,7,3,NA,1,3,781
181018594,4,2,2,2,33,3,2,PRODUCTO1,2,7,8,2,NA,NA,4,1,2,NA,6,7,51,111,NA,NA,NA,702,NA,NA,NA,NA,8,7,2,NA,NA,7,3,NA,1,7,4,2,NA,NA,7,3,NA,1,7,2,NA,NA,4,781
181018594,4,2,2,2,33,3,2,PRODUCTO2,1,7,7,3,NA,2,7,1,2,NA,7,6,51,NA,NA,NA,NA,507,NA,NA,NA,NA,7,7,2,NA,NA,7,2,NA,NA,6,3,2,NA,NA,7,1,2,NA,7,1,2,NA,5,781
181016773,4,2,2,2,15,2,1,PRODUCTO1,1,3,7,2,NA,NA,7,1,2,NA,7,9,50,201,NA,NA,NA,703,NA,NA,NA,NA,8,8,2,NA,NA,8,2,NA,NA,9,4,2,NA,NA,7,3,NA,1,7,2,NA,NA,5,781
181016773,4,2,2,2,15,2,1,PRODUCTO2,2,2,5,1,1,NA,9,3,NA,1,4,9,50,11,111,NA,NA,713,NA,NA,NA,NA,9,9,2,NA,NA,8,3,NA,2,9,3,2,NA,NA,7,3,NA,1,8,2,NA,NA,5,781
180966789,4,2,1,3,39,3,1,PRODUCTO1,1,5,9,1,1,NA,5,1,2,NA,8,6,51,111,NA,NA,NA,703,NA,NA,NA,NA,7,5,1,2,NA,8,1,2,NA,6,2,1,2,NA,5,1,2,NA,7,1,2,NA,3,781
180966789,4,2,1,3,39,3,1,PRODUCTO2,2,7,8,3,NA,2,9,3,NA,2,9,9,51,111,114,NA,NA,0,NA,NA,NA,NA,9,7,1,1,NA,9,3,NA,2,9,5,3,NA,2,9,3,NA,2,9,3,NA,2,5,781
181111853,4,2,1,1,36,3,1,PRODUCTO1,1,3,6,3,NA,1,5,1,2,NA,7,7,51,111,NA,NA,NA,703,NA,NA,NA,NA,8,8,2,NA,NA,7,1,2,NA,5,4,2,NA,NA,5,3,NA,1,7,2,NA,NA,2,182
181111853,4,2,1,1,36,3,1,PRODUCTO2,2,5,5,1,2,NA,8,2,NA,NA,9,6,276,NA,NA,NA,NA,355,NA,NA,NA,NA,6,3,1,1,NA,3,1,2,NA,5,4,2,NA,NA,5,3,NA,1,7,2,NA,NA,3,182
181113995,4,2,1,2,39,3,2,PRODUCTO1,2,3,7,1,1,NA,2,1,1,NA,5,8,51,111,NA,NA,NA,703,NA,NA,NA,NA,8,8,2,NA,NA,8,1,2,NA,8,4,1,2,NA,8,1,2,NA,8,1,2,NA,4,781
181113995,4,2,1,2,39,3,2,PRODUCTO2,1,1,8,1,2,NA,8,1,2,NA,8,4,0,NA,NA,NA,NA,391,505,NA,NA,NA,4,4,1,2,NA,3,1,1,NA,3,2,1,1,NA,3,1,1,NA,4,1,1,NA,1,781
180971582,4,2,1,3,19,2,2,PRODUCTO1,2,4,5,1,1,NA,6,1,2,NA,6,7,57,NA,NA,NA,NA,703,NA,NA,NA,NA,8,8,1,2,NA,7,2,NA,NA,8,2,1,1,NA,7,2,NA,NA,7,2,NA,NA,4,781
180971582,4,2,1,3,19,2,2,PRODUCTO2,1,3,4,1,1,NA,7,2,NA,NA,7,4,276,111,NA,NA,NA,362,361,731,NA,NA,3,3,1,2,NA,3,3,NA,2,2,5,2,NA,NA,3,3,NA,2,7,2,NA,NA,3,781
180947442,4,2,2,3,40,3,2,PRODUCTO1,2,7,8,2,NA,NA,9,1,2,NA,7,8,58,111,86,NA,NA,703,NA,NA,NA,NA,9,8,2,NA,NA,8,2,NA,NA,8,4,2,NA,NA,7,2,NA,NA,8,2,NA,NA,5,781
180947442,4,2,2,3,40,3,2,PRODUCTO2,1,7,7,1,2,NA,7,2,NA,NA,9,9,57,86,12,NA,NA,0,NA,NA,NA,NA,8,8,2,NA,NA,8,2,NA,NA,8,5,2,NA,NA,7,2,NA,NA,9,2,NA,NA,5,781
181116201,4,2,2,2,15,2,2,PRODUCTO1,2,6,8,2,NA,NA,8,1,2,NA,7,9,59,NA,NA,NA,NA,703,NA,NA,NA,NA,9,7,1,2,NA,9,2,NA,NA,9,3,1,1,NA,7,3,NA,2,6,1,1,NA,4,781
181116201,4,2,2,2,15,2,2,PRODUCTO2,1,5,7,1,1,NA,5,1,1,NA,7,6,51,57,NA,NA,NA,703,NA,NA,NA,NA,7,6,1,1,NA,8,1,2,NA,9,2,1,1,NA,5,1,2,NA,6,1,2,NA,5,781
181009041,4,2,1,3,31,3,1,PRODUCTO1,1,3,5,1,2,NA,3,1,1,NA,6,7,88,51,111,NA,NA,703,NA,NA,NA,NA,7,8,2,NA,NA,7,2,NA,NA,8,3,2,NA,NA,7,2,NA,NA,9,2,NA,NA,4,781
181009041,4,2,1,3,31,3,1,PRODUCTO2,2,7,4,1,1,NA,9,2,NA,NA,9,5,275,NA,NA,NA,NA,392,391,NA,NA,NA,5,4,1,2,NA,3,1,1,NA,5,4,3,NA,1,7,2,NA,NA,7,2,NA,NA,4,781
180966094,4,2,1,3,19,2,1,PRODUCTO1,1,5,8,1,2,NA,7,1,2,NA,7,7,111,51,NA,NA,NA,703,NA,NA,NA,NA,6,5,1,2,NA,7,1,2,NA,6,3,1,2,NA,7,1,2,NA,7,1,2,NA,4,781
180966094,4,2,1,3,19,2,1,PRODUCTO2,2,7,9,2,NA,NA,9,2,NA,NA,9,9,51,56,111,303,NA,0,NA,NA,NA,NA,9,9,2,NA,NA,9,3,NA,2,9,5,2,NA,NA,9,2,NA,NA,9,2,NA,NA,5,781
180966090,4,2,2,3,30,3,1,PRODUCTO1,1,5,7,1,2,NA,7,1,2,NA,7,7,112,88,51,57,NA,703,NA,NA,NA,NA,8,8,2,NA,NA,8,2,NA,NA,7,4,2,NA,NA,7,2,NA,NA,8,2,NA,NA,4,182
180966090,4,2,2,3,30,3,1,PRODUCTO2,2,5,7,2,NA,NA,7,3,NA,2,7,7,88,111,NA,NA,NA,713,702,NA,NA,NA,7,7,2,NA,NA,8,2,NA,NA,7,4,2,NA,NA,7,3,NA,1,7,3,NA,1,4,182
181071805,4,2,1,2,15,2,1,PRODUCTO1,1,7,9,2,NA,NA,7,2,NA,NA,9,9,51,111,NA,NA,NA,705,NA,NA,NA,NA,9,7,2,NA,NA,9,2,NA,NA,7,5,2,NA,NA,9,2,NA,NA,7,2,NA,NA,5,781
181071805,4,2,1,2,15,2,1,PRODUCTO2,2,7,7,3,NA,2,7,2,NA,NA,9,9,51,111,NA,NA,NA,0,NA,NA,NA,NA,9,8,2,NA,NA,9,2,NA,NA,9,3,1,2,NA,9,2,NA,NA,9,2,NA,NA,5,781
181013904,17,2,1,3,26,3,2,PRODUCTO1,2,5,8,3,NA,1,8,1,2,NA,8,8,51,NA,NA,NA,NA,705,NA,NA,NA,NA,8,7,2,NA,NA,8,2,NA,NA,8,5,2,NA,NA,8,2,NA,NA,8,2,NA,NA,5,781
181013904,17,2,1,3,26,3,2,PRODUCTO2,1,7,7,3,NA,1,8,2,NA,NA,7,6,87,NA,NA,NA,NA,355,NA,NA,NA,NA,7,7,1,2,NA,6,1,1,NA,8,4,1,2,NA,7,1,2,NA,7,3,NA,1,5,781
181031882,17,2,1,3,24,2,1,PRODUCTO1,1,7,9,2,NA,NA,9,2,NA,NA,8,9,51,115,NA,NA,NA,705,NA,NA,NA,NA,9,9,2,NA,NA,9,2,NA,NA,9,5,2,NA,NA,9,2,NA,NA,9,2,NA,NA,5,182
181031882,17,2,1,3,24,2,1,PRODUCTO2,2,6,7,3,NA,1,8,3,NA,1,9,5,111,NA,NA,NA,NA,355,NA,NA,NA,NA,5,6,3,NA,1,4,1,1,NA,4,3,1,2,NA,8,2,NA,NA,9,2,NA,NA,3,182
181009627,17,2,1,3,24,2,1,PRODUCTO1,1,5,7,1,2,NA,7,1,2,NA,6,7,276,NA,NA,NA,NA,705,NA,NA,NA,NA,7,7,1,2,NA,8,1,2,NA,7,3,1,2,NA,7,1,2,NA,8,1,2,NA,4,182
181009627,17,2,1,3,24,2,1,PRODUCTO2,2,5,7,1,2,NA,7,1,2,NA,7,6,51,111,NA,NA,NA,705,NA,NA,NA,NA,6,6,1,2,NA,7,1,2,NA,6,3,1,2,NA,6,1,2,NA,6,1,2,NA,3,182
181071739,4,2,2,2,18,2,1,PRODUCTO1,1,5,6,3,NA,2,5,1,2,NA,7,6,86,111,NA,NA,NA,708,NA,NA,NA,NA,6,6,1,2,NA,7,1,2,NA,6,4,2,NA,NA,6,1,2,NA,6,1,1,NA,4,781
181071739,4,2,2,2,18,2,1,PRODUCTO2,2,7,9,2,NA,NA,9,2,NA,NA,8,9,111,11,275,NA,NA,0,NA,NA,NA,NA,9,9,2,NA,NA,8,2,NA,NA,8,5,2,NA,NA,9,2,NA,NA,8,2,NA,NA,5,781
180945738,4,2,2,3,16,2,2,PRODUCTO1,2,5,7,1,2,NA,7,3,NA,1,7,7,51,NA,NA,NA,NA,712,NA,NA,NA,NA,7,4,3,NA,1,8,3,NA,2,9,4,2,NA,NA,5,1,1,NA,3,3,NA,1,5,182
180945738,4,2,2,3,16,2,2,PRODUCTO2,1,7,7,2,NA,NA,7,2,NA,NA,7,7,51,NA,NA,NA,NA,0,NA,NA,NA,NA,7,7,2,NA,NA,9,2,NA,NA,7,3,2,NA,NA,6,1,2,NA,7,2,NA,NA,4,182
180969294,4,2,2,3,36,3,2,PRODUCTO1,2,6,7,2,NA,NA,9,2,NA,NA,3,8,111,112,NA,NA,NA,713,NA,NA,NA,NA,7,8,2,NA,NA,8,2,NA,NA,8,5,3,NA,2,8,3,NA,2,7,2,NA,NA,5,781
180969294,4,2,2,3,36,3,2,PRODUCTO2,1,6,7,2,NA,NA,7,2,NA,NA,8,7,51,86,NA,NA,NA,0,NA,NA,NA,NA,7,7,2,NA,NA,8,2,NA,NA,8,5,2,NA,NA,7,2,NA,NA,7,2,NA,NA,4,781
180971799,4,2,1,3,40,3,1,PRODUCTO1,1,6,9,2,NA,NA,9,2,NA,NA,8,8,111,113,300,288,NA,731,NA,NA,NA,NA,9,9,2,NA,NA,9,2,NA,NA,9,5,2,NA,NA,7,1,2,NA,9,2,NA,NA,5,781
180971799,4,2,1,3,40,3,1,PRODUCTO2,2,7,8,1,2,NA,9,2,NA,NA,9,8,51,111,303,NA,NA,0,NA,NA,NA,NA,9,9,2,NA,NA,9,2,NA,NA,9,5,2,NA,NA,9,2,NA,NA,9,2,NA,NA,5,781
