sbj_num,formula,overall_liking_score,atributo,nivel,producto
181030232,182,7,olor,JAR,Churritos Prueba
181030232,182,7,color,JAR,Churritos Prueba
181030232,182,7,sal,JAR,Churritos Prueba
181030232,182,7,queso,JAR,Churritos Prueba
181030232,182,7,crujiente,JAR,Churritos Prueba
181030232,182,7,textura,JAR,Churritos Prueba
181030232,182,7,porosidad,JAR,Churritos Prueba
181067150,182,9,olor,TM,Churritos Prueba
181067150,182,9,color,TL,Churritos Prueba
181067150,182,9,sal,TM,Churritos Prueba
181067150,182,9,queso,TL,Churritos Prueba
181067150,182,9,crujiente,JAR,Churritos Prueba
181067150,182,9,textura,TL,Churritos Prueba
181067150,182,9,porosidad,TL,Churritos Prueba
181120913,182,7,olor,TM,Churritos Prueba
181120913,182,7,color,JAR,Churritos Prueba
181120913,182,7,sal,JAR,Churritos Prueba
181120913,182,7,queso,JAR,Churritos Prueba
181120913,182,7,crujiente,JAR,Churritos Prueba
181120913,182,7,textura,JAR,Churritos Prueba
181120913,182,7,porosidad,JAR,Churritos Prueba
181063825,182,6,olor,TM,Churritos Prueba
181063825,182,6,color,TL,Churritos Prueba
181063825,182,6,sal,TM,Churritos Prueba
181063825,182,6,queso,TM,Churritos Prueba
181063825,182,6,crujiente,TL,Churritos Prueba
181063825,182,6,textura,TL,Churritos Prueba
181063825,182,6,porosidad,TM,Churritos Prueba
180975391,182,4,olor,TL,Churritos Prueba
180975391,182,4,color,TL,Churritos Prueba
180975391,182,4,sal,TL,Churritos Prueba
180975391,182,4,queso,TL,Churritos Prueba
180975391,182,4,crujiente,TL,Churritos Prueba
180975391,182,4,textura,TL,Churritos Prueba
180975391,182,4,porosidad,TL,Churritos Prueba
181119828,182,9,olor,JAR,Churritos Prueba
181119828,182,9,color,JAR,Churritos Prueba
181119828,182,9,sal,JAR,Churritos Prueba
181119828,182,9,queso,JAR,Churritos Prueba
181119828,182,9,crujiente,JAR,Churritos Prueba
181119828,182,9,textura,TM,Churritos Prueba
181119828,182,9,porosidad,JAR,Churritos Prueba
181009153,182,8,olor,JAR,Churritos Prueba
181009153,182,8,color,JAR,Churritos Prueba
181009153,182,8,sal,TM,Churritos Prueba
181009153,182,8,queso,JAR,Churritos Prueba
181009153,182,8,crujiente,JAR,Churritos Prueba
181009153,182,8,textura,TM,Churritos Prueba
181009153,182,8,porosidad,JAR,Churritos Prueba
180946533,182,6,olor,TL,Churritos Prueba
180946533,182,6,color,TL,Churritos Prueba
180946533,182,6,sal,TM,Churritos Prueba
180946533,182,6,queso,TL,Churritos Prueba
180946533,182,6,crujiente,JAR,Churritos Prueba
180946533,182,6,textura,TL,Churritos Prueba
180946533,182,6,porosidad,TM,Churritos Prueba
181060493,182,8,olor,JAR,Churritos Prueba
181060493,182,8,color,JAR,Churritos Prueba
181060493,182,8,sal,TM,Churritos Prueba
181060493,182,8,queso,JAR,Churritos Prueba
181060493,182,8,crujiente,JAR,Churritos Prueba
181060493,182,8,textura,JAR,Churritos Prueba
181060493,182,8,porosidad,JAR,Churritos Prueba
181032088,182,8,olor,JAR,Churritos Prueba
181032088,182,8,color,JAR,Churritos Prueba
181032088,182,8,sal,JAR,Churritos Prueba
181032088,182,8,queso,JAR,Churritos Prueba
181032088,182,8,crujiente,JAR,Churritos Prueba
181032088,182,8,textura,JAR,Churritos Prueba
181032088,182,8,porosidad,JAR,Churritos Prueba
181011593,182,7,olor,TM,Churritos Prueba
181011593,182,7,color,TL,Churritos Prueba
181011593,182,7,sal,TL,Churritos Prueba
181011593,182,7,queso,TL,Churritos Prueba
181011593,182,7,crujiente,TL,Churritos Prueba
181011593,182,7,textura,JAR,Churritos Prueba
181011593,182,7,porosidad,TL,Churritos Prueba
181119951,182,9,olor,JAR,Churritos Prueba
181119951,182,9,color,TM,Churritos Prueba
181119951,182,9,sal,JAR,Churritos Prueba
181119951,182,9,queso,TL,Churritos Prueba
181119951,182,9,crujiente,JAR,Churritos Prueba
181119951,182,9,textura,TL,Churritos Prueba
181119951,182,9,porosidad,JAR,Churritos Prueba
181032182,182,7,olor,TL,Churritos Prueba
181032182,182,7,color,TL,Churritos Prueba
181032182,182,7,sal,TL,Churritos Prueba
181032182,182,7,queso,TL,Churritos Prueba
181032182,182,7,crujiente,TL,Churritos Prueba
181032182,182,7,textura,TL,Churritos Prueba
181032182,182,7,porosidad,TL,Churritos Prueba
181020082,182,9,olor,JAR,Churritos Prueba
181020082,182,9,color,JAR,Churritos Prueba
181020082,182,9,sal,JAR,Churritos Prueba
181020082,182,9,queso,JAR,Churritos Prueba
181020082,182,9,crujiente,JAR,Churritos Prueba
181020082,182,9,textura,JAR,Churritos Prueba
181020082,182,9,porosidad,JAR,Churritos Prueba
181032381,182,7,olor,JAR,Churritos Prueba
181032381,182,7,color,JAR,Churritos Prueba
181032381,182,7,sal,JAR,Churritos Prueba
181032381,182,7,queso,JAR,Churritos Prueba
181032381,182,7,crujiente,JAR,Churritos Prueba
181032381,182,7,textura,JAR,Churritos Prueba
181032381,182,7,porosidad,JAR,Churritos Prueba
181011558,182,8,olor,JAR,Churritos Prueba
181011558,182,8,color,JAR,Churritos Prueba
181011558,182,8,sal,JAR,Churritos Prueba
181011558,182,8,queso,JAR,Churritos Prueba
181011558,182,8,crujiente,JAR,Churritos Prueba
181011558,182,8,textura,JAR,Churritos Prueba
181011558,182,8,porosidad,JAR,Churritos Prueba
180964244,182,9,olor,JAR,Churritos Prueba
180964244,182,9,color,JAR,Churritos Prueba
180964244,182,9,sal,JAR,Churritos Prueba
180964244,182,9,queso,TM,Churritos Prueba
180964244,182,9,crujiente,JAR,Churritos Prueba
180964244,182,9,textura,TM,Churritos Prueba
180964244,182,9,porosidad,JAR,Churritos Prueba
181019999,182,9,olor,JAR,Churritos Prueba
181019999,182,9,color,JAR,Churritos Prueba
181019999,182,9,sal,JAR,Churritos Prueba
181019999,182,9,queso,JAR,Churritos Prueba
181019999,182,9,crujiente,JAR,Churritos Prueba
181019999,182,9,textura,JAR,Churritos Prueba
181019999,182,9,porosidad,JAR,Churritos Prueba
181065570,182,7,olor,TL,Churritos Prueba
181065570,182,7,color,TL,Churritos Prueba
181065570,182,7,sal,JAR,Churritos Prueba
181065570,182,7,queso,JAR,Churritos Prueba
181065570,182,7,crujiente,JAR,Churritos Prueba
181065570,182,7,textura,TL,Churritos Prueba
181065570,182,7,porosidad,TL,Churritos Prueba
180966091,182,7,olor,TM,Churritos Prueba
180966091,182,7,color,TL,Churritos Prueba
180966091,182,7,sal,JAR,Churritos Prueba
180966091,182,7,queso,TL,Churritos Prueba
180966091,182,7,crujiente,TL,Churritos Prueba
180966091,182,7,textura,JAR,Churritos Prueba
180966091,182,7,porosidad,JAR,Churritos Prueba
181015306,182,7,olor,TM,Churritos Prueba
181015306,182,7,color,TM,Churritos Prueba
181015306,182,7,sal,TL,Churritos Prueba
181015306,182,7,queso,TL,Churritos Prueba
181015306,182,7,crujiente,TM,Churritos Prueba
181015306,182,7,textura,TM,Churritos Prueba
181015306,182,7,porosidad,TM,Churritos Prueba
180975429,182,7,olor,TL,Churritos Prueba
180975429,182,7,color,TL,Churritos Prueba
180975429,182,7,sal,TM,Churritos Prueba
180975429,182,7,queso,JAR,Churritos Prueba
180975429,182,7,crujiente,TL,Churritos Prueba
180975429,182,7,textura,TL,Churritos Prueba
180975429,182,7,porosidad,TM,Churritos Prueba
181062173,182,9,olor,JAR,Churritos Prueba
181062173,182,9,color,TM,Churritos Prueba
181062173,182,9,sal,JAR,Churritos Prueba
181062173,182,9,queso,TM,Churritos Prueba
181062173,182,9,crujiente,JAR,Churritos Prueba
181062173,182,9,textura,JAR,Churritos Prueba
181062173,182,9,porosidad,TM,Churritos Prueba
180967102,182,6,olor,JAR,Churritos Prueba
180967102,182,6,color,TM,Churritos Prueba
180967102,182,6,sal,TL,Churritos Prueba
180967102,182,6,queso,TL,Churritos Prueba
180967102,182,6,crujiente,TL,Churritos Prueba
180967102,182,6,textura,TL,Churritos Prueba
180967102,182,6,porosidad,TM,Churritos Prueba
180969933,182,9,olor,JAR,Churritos Prueba
180969933,182,9,color,JAR,Churritos Prueba
180969933,182,9,sal,JAR,Churritos Prueba
180969933,182,9,queso,JAR,Churritos Prueba
180969933,182,9,crujiente,JAR,Churritos Prueba
180969933,182,9,textura,JAR,Churritos Prueba
180969933,182,9,porosidad,JAR,Churritos Prueba
180977078,182,8,olor,TL,Churritos Prueba
180977078,182,8,color,TL,Churritos Prueba
180977078,182,8,sal,TM,Churritos Prueba
180977078,182,8,queso,TL,Churritos Prueba
180977078,182,8,crujiente,TM,Churritos Prueba
180977078,182,8,textura,TL,Churritos Prueba
180977078,182,8,porosidad,TL,Churritos Prueba
180948412,182,9,olor,JAR,Churritos Prueba
180948412,182,9,color,JAR,Churritos Prueba
180948412,182,9,sal,JAR,Churritos Prueba
180948412,182,9,queso,JAR,Churritos Prueba
180948412,182,9,crujiente,JAR,Churritos Prueba
180948412,182,9,textura,JAR,Churritos Prueba
180948412,182,9,porosidad,JAR,Churritos Prueba
181125963,182,9,olor,TM,Churritos Prueba
181125963,182,9,color,TL,Churritos Prueba
181125963,182,9,sal,JAR,Churritos Prueba
181125963,182,9,queso,TM,Churritos Prueba
181125963,182,9,crujiente,TM,Churritos Prueba
181125963,182,9,textura,TM,Churritos Prueba
181125963,182,9,porosidad,JAR,Churritos Prueba
180965611,182,5,olor,TL,Churritos Prueba
180965611,182,5,color,TL,Churritos Prueba
180965611,182,5,sal,TM,Churritos Prueba
180965611,182,5,queso,TL,Churritos Prueba
180965611,182,5,crujiente,JAR,Churritos Prueba
180965611,182,5,textura,JAR,Churritos Prueba
180965611,182,5,porosidad,JAR,Churritos Prueba
181070490,182,9,olor,JAR,Churritos Prueba
181070490,182,9,color,JAR,Churritos Prueba
181070490,182,9,sal,JAR,Churritos Prueba
181070490,182,9,queso,JAR,Churritos Prueba
181070490,182,9,crujiente,JAR,Churritos Prueba
181070490,182,9,textura,JAR,Churritos Prueba
181070490,182,9,porosidad,TM,Churritos Prueba
181031765,182,9,olor,TM,Churritos Prueba
181031765,182,9,color,JAR,Churritos Prueba
181031765,182,9,sal,TL,Churritos Prueba
181031765,182,9,queso,JAR,Churritos Prueba
181031765,182,9,crujiente,TL,Churritos Prueba
181031765,182,9,textura,JAR,Churritos Prueba
181031765,182,9,porosidad,TM,Churritos Prueba
181031764,182,7,olor,TM,Churritos Prueba
181031764,182,7,color,JAR,Churritos Prueba
181031764,182,7,sal,TL,Churritos Prueba
181031764,182,7,queso,TM,Churritos Prueba
181031764,182,7,crujiente,TL,Churritos Prueba
181031764,182,7,textura,JAR,Churritos Prueba
181031764,182,7,porosidad,TL,Churritos Prueba
181065626,182,8,olor,TM,Churritos Prueba
181065626,182,8,color,TL,Churritos Prueba
181065626,182,8,sal,TM,Churritos Prueba
181065626,182,8,queso,JAR,Churritos Prueba
181065626,182,8,crujiente,JAR,Churritos Prueba
181065626,182,8,textura,JAR,Churritos Prueba
181065626,182,8,porosidad,JAR,Churritos Prueba
181060887,182,9,olor,JAR,Churritos Prueba
181060887,182,9,color,JAR,Churritos Prueba
181060887,182,9,sal,JAR,Churritos Prueba
181060887,182,9,queso,JAR,Churritos Prueba
181060887,182,9,crujiente,JAR,Churritos Prueba
181060887,182,9,textura,JAR,Churritos Prueba
181060887,182,9,porosidad,JAR,Churritos Prueba
181126494,182,9,olor,JAR,Churritos Prueba
181126494,182,9,color,TM,Churritos Prueba
181126494,182,9,sal,TM,Churritos Prueba
181126494,182,9,queso,JAR,Churritos Prueba
181126494,182,9,crujiente,JAR,Churritos Prueba
181126494,182,9,textura,JAR,Churritos Prueba
181126494,182,9,porosidad,JAR,Churritos Prueba
181060598,182,7,olor,JAR,Churritos Prueba
181060598,182,7,color,TL,Churritos Prueba
181060598,182,7,sal,TL,Churritos Prueba
181060598,182,7,queso,JAR,Churritos Prueba
181060598,182,7,crujiente,JAR,Churritos Prueba
181060598,182,7,textura,JAR,Churritos Prueba
181060598,182,7,porosidad,JAR,Churritos Prueba
180972012,182,9,olor,TL,Churritos Prueba
180972012,182,9,color,JAR,Churritos Prueba
180972012,182,9,sal,TL,Churritos Prueba
180972012,182,9,queso,JAR,Churritos Prueba
180972012,182,9,crujiente,JAR,Churritos Prueba
180972012,182,9,textura,TL,Churritos Prueba
180972012,182,9,porosidad,TL,Churritos Prueba
181016136,182,9,olor,JAR,Churritos Prueba
181016136,182,9,color,JAR,Churritos Prueba
181016136,182,9,sal,JAR,Churritos Prueba
181016136,182,9,queso,JAR,Churritos Prueba
181016136,182,9,crujiente,TM,Churritos Prueba
181016136,182,9,textura,JAR,Churritos Prueba
181016136,182,9,porosidad,JAR,Churritos Prueba
180946716,182,8,olor,TM,Churritos Prueba
180946716,182,8,color,TM,Churritos Prueba
180946716,182,8,sal,TL,Churritos Prueba
180946716,182,8,queso,TM,Churritos Prueba
180946716,182,8,crujiente,TM,Churritos Prueba
180946716,182,8,textura,JAR,Churritos Prueba
180946716,182,8,porosidad,JAR,Churritos Prueba
180977203,182,7,olor,TL,Churritos Prueba
180977203,182,7,color,TL,Churritos Prueba
180977203,182,7,sal,TL,Churritos Prueba
180977203,182,7,queso,JAR,Churritos Prueba
180977203,182,7,crujiente,TL,Churritos Prueba
180977203,182,7,textura,TL,Churritos Prueba
180977203,182,7,porosidad,JAR,Churritos Prueba
181009667,182,8,olor,JAR,Churritos Prueba
181009667,182,8,color,JAR,Churritos Prueba
181009667,182,8,sal,JAR,Churritos Prueba
181009667,182,8,queso,JAR,Churritos Prueba
181009667,182,8,crujiente,JAR,Churritos Prueba
181009667,182,8,textura,JAR,Churritos Prueba
181009667,182,8,porosidad,JAR,Churritos Prueba
180947744,182,4,olor,TL,Churritos Prueba
180947744,182,4,color,TL,Churritos Prueba
180947744,182,4,sal,TL,Churritos Prueba
180947744,182,4,queso,TL,Churritos Prueba
180947744,182,4,crujiente,TL,Churritos Prueba
180947744,182,4,textura,TL,Churritos Prueba
180947744,182,4,porosidad,TL,Churritos Prueba
181020188,182,9,olor,TM,Churritos Prueba
181020188,182,9,color,TL,Churritos Prueba
181020188,182,9,sal,TL,Churritos Prueba
181020188,182,9,queso,TM,Churritos Prueba
181020188,182,9,crujiente,TM,Churritos Prueba
181020188,182,9,textura,TL,Churritos Prueba
181020188,182,9,porosidad,TM,Churritos Prueba
181060314,182,9,olor,JAR,Churritos Prueba
181060314,182,9,color,JAR,Churritos Prueba
181060314,182,9,sal,JAR,Churritos Prueba
181060314,182,9,queso,JAR,Churritos Prueba
181060314,182,9,crujiente,JAR,Churritos Prueba
181060314,182,9,textura,JAR,Churritos Prueba
181060314,182,9,porosidad,JAR,Churritos Prueba
180977520,182,8,olor,JAR,Churritos Prueba
180977520,182,8,color,JAR,Churritos Prueba
180977520,182,8,sal,JAR,Churritos Prueba
180977520,182,8,queso,JAR,Churritos Prueba
180977520,182,8,crujiente,JAR,Churritos Prueba
180977520,182,8,textura,JAR,Churritos Prueba
180977520,182,8,porosidad,JAR,Churritos Prueba
180971299,182,9,olor,JAR,Churritos Prueba
180971299,182,9,color,JAR,Churritos Prueba
180971299,182,9,sal,JAR,Churritos Prueba
180971299,182,9,queso,JAR,Churritos Prueba
180971299,182,9,crujiente,TM,Churritos Prueba
180971299,182,9,textura,JAR,Churritos Prueba
180971299,182,9,porosidad,JAR,Churritos Prueba
180961592,182,8,olor,JAR,Churritos Prueba
180961592,182,8,color,TM,Churritos Prueba
180961592,182,8,sal,TL,Churritos Prueba
180961592,182,8,queso,TL,Churritos Prueba
180961592,182,8,crujiente,TM,Churritos Prueba
180961592,182,8,textura,JAR,Churritos Prueba
180961592,182,8,porosidad,JAR,Churritos Prueba
181065893,182,9,olor,TM,Churritos Prueba
181065893,182,9,color,JAR,Churritos Prueba
181065893,182,9,sal,JAR,Churritos Prueba
181065893,182,9,queso,TM,Churritos Prueba
181065893,182,9,crujiente,JAR,Churritos Prueba
181065893,182,9,textura,JAR,Churritos Prueba
181065893,182,9,porosidad,JAR,Churritos Prueba
181169932,182,9,olor,JAR,Churritos Prueba
181169932,182,9,color,JAR,Churritos Prueba
181169932,182,9,sal,JAR,Churritos Prueba
181169932,182,9,queso,JAR,Churritos Prueba
181169932,182,9,crujiente,JAR,Churritos Prueba
181169932,182,9,textura,JAR,Churritos Prueba
181169932,182,9,porosidad,JAR,Churritos Prueba
181031766,182,7,olor,TL,Churritos Prueba
181031766,182,7,color,TL,Churritos Prueba
181031766,182,7,sal,TM,Churritos Prueba
181031766,182,7,queso,TM,Churritos Prueba
181031766,182,7,crujiente,TL,Churritos Prueba
181031766,182,7,textura,JAR,Churritos Prueba
181031766,182,7,porosidad,TM,Churritos Prueba
181017249,182,9,olor,TM,Churritos Prueba
181017249,182,9,color,JAR,Churritos Prueba
181017249,182,9,sal,JAR,Churritos Prueba
181017249,182,9,queso,JAR,Churritos Prueba
181017249,182,9,crujiente,JAR,Churritos Prueba
181017249,182,9,textura,JAR,Churritos Prueba
181017249,182,9,porosidad,JAR,Churritos Prueba
181070589,182,9,olor,JAR,Churritos Prueba
181070589,182,9,color,JAR,Churritos Prueba
181070589,182,9,sal,JAR,Churritos Prueba
181070589,182,9,queso,JAR,Churritos Prueba
181070589,182,9,crujiente,JAR,Churritos Prueba
181070589,182,9,textura,JAR,Churritos Prueba
181070589,182,9,porosidad,JAR,Churritos Prueba
181068738,182,8,olor,TL,Churritos Prueba
181068738,182,8,color,TL,Churritos Prueba
181068738,182,8,sal,JAR,Churritos Prueba
181068738,182,8,queso,TL,Churritos Prueba
181068738,182,8,crujiente,JAR,Churritos Prueba
181068738,182,8,textura,TL,Churritos Prueba
181068738,182,8,porosidad,TL,Churritos Prueba
181117148,182,6,olor,TM,Churritos Prueba
181117148,182,6,color,TL,Churritos Prueba
181117148,182,6,sal,TM,Churritos Prueba
181117148,182,6,queso,TM,Churritos Prueba
181117148,182,6,crujiente,JAR,Churritos Prueba
181117148,182,6,textura,JAR,Churritos Prueba
181117148,182,6,porosidad,JAR,Churritos Prueba
180961520,182,9,olor,TL,Churritos Prueba
180961520,182,9,color,TM,Churritos Prueba
180961520,182,9,sal,JAR,Churritos Prueba
180961520,182,9,queso,TM,Churritos Prueba
180961520,182,9,crujiente,TM,Churritos Prueba
180961520,182,9,textura,TM,Churritos Prueba
180961520,182,9,porosidad,TM,Churritos Prueba
180947769,182,8,olor,TM,Churritos Prueba
180947769,182,8,color,JAR,Churritos Prueba
180947769,182,8,sal,JAR,Churritos Prueba
180947769,182,8,queso,JAR,Churritos Prueba
180947769,182,8,crujiente,JAR,Churritos Prueba
180947769,182,8,textura,JAR,Churritos Prueba
180947769,182,8,porosidad,JAR,Churritos Prueba
181030688,182,7,olor,TL,Churritos Prueba
181030688,182,7,color,TM,Churritos Prueba
181030688,182,7,sal,TM,Churritos Prueba
181030688,182,7,queso,TL,Churritos Prueba
181030688,182,7,crujiente,TM,Churritos Prueba
181030688,182,7,textura,TM,Churritos Prueba
181030688,182,7,porosidad,TM,Churritos Prueba
180949636,182,7,olor,TM,Churritos Prueba
180949636,182,7,color,TM,Churritos Prueba
180949636,182,7,sal,JAR,Churritos Prueba
180949636,182,7,queso,JAR,Churritos Prueba
180949636,182,7,crujiente,TM,Churritos Prueba
180949636,182,7,textura,JAR,Churritos Prueba
180949636,182,7,porosidad,JAR,Churritos Prueba
181070432,182,8,olor,TL,Churritos Prueba
181070432,182,8,color,TL,Churritos Prueba
181070432,182,8,sal,JAR,Churritos Prueba
181070432,182,8,queso,TL,Churritos Prueba
181070432,182,8,crujiente,JAR,Churritos Prueba
181070432,182,8,textura,TM,Churritos Prueba
181070432,182,8,porosidad,TM,Churritos Prueba
180977204,182,8,olor,JAR,Churritos Prueba
180977204,182,8,color,TM,Churritos Prueba
180977204,182,8,sal,JAR,Churritos Prueba
180977204,182,8,queso,TL,Churritos Prueba
180977204,182,8,crujiente,TM,Churritos Prueba
180977204,182,8,textura,TM,Churritos Prueba
180977204,182,8,porosidad,JAR,Churritos Prueba
181070305,182,8,olor,TM,Churritos Prueba
181070305,182,8,color,JAR,Churritos Prueba
181070305,182,8,sal,JAR,Churritos Prueba
181070305,182,8,queso,JAR,Churritos Prueba
181070305,182,8,crujiente,JAR,Churritos Prueba
181070305,182,8,textura,JAR,Churritos Prueba
181070305,182,8,porosidad,JAR,Churritos Prueba
181020823,182,9,olor,JAR,Churritos Prueba
181020823,182,9,color,JAR,Churritos Prueba
181020823,182,9,sal,JAR,Churritos Prueba
181020823,182,9,queso,TL,Churritos Prueba
181020823,182,9,crujiente,JAR,Churritos Prueba
181020823,182,9,textura,JAR,Churritos Prueba
181020823,182,9,porosidad,JAR,Churritos Prueba
180977521,182,9,olor,JAR,Churritos Prueba
180977521,182,9,color,JAR,Churritos Prueba
180977521,182,9,sal,JAR,Churritos Prueba
180977521,182,9,queso,JAR,Churritos Prueba
180977521,182,9,crujiente,JAR,Churritos Prueba
180977521,182,9,textura,JAR,Churritos Prueba
180977521,182,9,porosidad,JAR,Churritos Prueba
180966092,182,7,olor,JAR,Churritos Prueba
180966092,182,7,color,TL,Churritos Prueba
180966092,182,7,sal,TM,Churritos Prueba
180966092,182,7,queso,JAR,Churritos Prueba
180966092,182,7,crujiente,TL,Churritos Prueba
180966092,182,7,textura,TM,Churritos Prueba
180966092,182,7,porosidad,JAR,Churritos Prueba
181017597,182,9,olor,JAR,Churritos Prueba
181017597,182,9,color,JAR,Churritos Prueba
181017597,182,9,sal,JAR,Churritos Prueba
181017597,182,9,queso,JAR,Churritos Prueba
181017597,182,9,crujiente,JAR,Churritos Prueba
181017597,182,9,textura,JAR,Churritos Prueba
181017597,182,9,porosidad,JAR,Churritos Prueba
180977206,182,8,olor,JAR,Churritos Prueba
180977206,182,8,color,JAR,Churritos Prueba
180977206,182,8,sal,JAR,Churritos Prueba
180977206,182,8,queso,JAR,Churritos Prueba
180977206,182,8,crujiente,TM,Churritos Prueba
180977206,182,8,textura,JAR,Churritos Prueba
180977206,182,8,porosidad,JAR,Churritos Prueba
181123190,182,4,olor,TL,Churritos Prueba
181123190,182,4,color,TL,Churritos Prueba
181123190,182,4,sal,JAR,Churritos Prueba
181123190,182,4,queso,TL,Churritos Prueba
181123190,182,4,crujiente,JAR,Churritos Prueba
181123190,182,4,textura,JAR,Churritos Prueba
181123190,182,4,porosidad,TL,Churritos Prueba
181058937,182,7,olor,JAR,Churritos Prueba
181058937,182,7,color,JAR,Churritos Prueba
181058937,182,7,sal,JAR,Churritos Prueba
181058937,182,7,queso,JAR,Churritos Prueba
181058937,182,7,crujiente,JAR,Churritos Prueba
181058937,182,7,textura,JAR,Churritos Prueba
181058937,182,7,porosidad,JAR,Churritos Prueba
180970385,182,9,olor,TM,Churritos Prueba
180970385,182,9,color,TM,Churritos Prueba
180970385,182,9,sal,JAR,Churritos Prueba
180970385,182,9,queso,TM,Churritos Prueba
180970385,182,9,crujiente,TM,Churritos Prueba
180970385,182,9,textura,TM,Churritos Prueba
180970385,182,9,porosidad,TM,Churritos Prueba
180971951,182,7,olor,TM,Churritos Prueba
180971951,182,7,color,JAR,Churritos Prueba
180971951,182,7,sal,TL,Churritos Prueba
180971951,182,7,queso,TM,Churritos Prueba
180971951,182,7,crujiente,TM,Churritos Prueba
180971951,182,7,textura,TL,Churritos Prueba
180971951,182,7,porosidad,TM,Churritos Prueba
181015666,182,8,olor,JAR,Churritos Prueba
181015666,182,8,color,JAR,Churritos Prueba
181015666,182,8,sal,JAR,Churritos Prueba
181015666,182,8,queso,JAR,Churritos Prueba
181015666,182,8,crujiente,JAR,Churritos Prueba
181015666,182,8,textura,JAR,Churritos Prueba
181015666,182,8,porosidad,JAR,Churritos Prueba
180946696,182,7,olor,TM,Churritos Prueba
180946696,182,7,color,TM,Churritos Prueba
180946696,182,7,sal,TL,Churritos Prueba
180946696,182,7,queso,TL,Churritos Prueba
180946696,182,7,crujiente,TM,Churritos Prueba
180946696,182,7,textura,JAR,Churritos Prueba
180946696,182,7,porosidad,TL,Churritos Prueba
181037086,182,8,olor,JAR,Churritos Prueba
181037086,182,8,color,JAR,Churritos Prueba
181037086,182,8,sal,JAR,Churritos Prueba
181037086,182,8,queso,JAR,Churritos Prueba
181037086,182,8,crujiente,JAR,Churritos Prueba
181037086,182,8,textura,JAR,Churritos Prueba
181037086,182,8,porosidad,TM,Churritos Prueba
181063082,182,6,olor,TM,Churritos Prueba
181063082,182,6,color,TL,Churritos Prueba
181063082,182,6,sal,TM,Churritos Prueba
181063082,182,6,queso,TL,Churritos Prueba
181063082,182,6,crujiente,TM,Churritos Prueba
181063082,182,6,textura,TL,Churritos Prueba
181063082,182,6,porosidad,TM,Churritos Prueba
181062142,182,9,olor,TM,Churritos Prueba
181062142,182,9,color,TM,Churritos Prueba
181062142,182,9,sal,JAR,Churritos Prueba
181062142,182,9,queso,TM,Churritos Prueba
181062142,182,9,crujiente,JAR,Churritos Prueba
181062142,182,9,textura,JAR,Churritos Prueba
181062142,182,9,porosidad,JAR,Churritos Prueba
181071471,182,8,olor,TM,Churritos Prueba
181071471,182,8,color,TL,Churritos Prueba
181071471,182,8,sal,TM,Churritos Prueba
181071471,182,8,queso,TM,Churritos Prueba
181071471,182,8,crujiente,TL,Churritos Prueba
181071471,182,8,textura,TL,Churritos Prueba
181071471,182,8,porosidad,TL,Churritos Prueba
180947883,182,9,olor,JAR,Churritos Prueba
180947883,182,9,color,JAR,Churritos Prueba
180947883,182,9,sal,JAR,Churritos Prueba
180947883,182,9,queso,JAR,Churritos Prueba
180947883,182,9,crujiente,JAR,Churritos Prueba
180947883,182,9,textura,JAR,Churritos Prueba
180947883,182,9,porosidad,JAR,Churritos Prueba
180976301,182,9,olor,TM,Churritos Prueba
180976301,182,9,color,TL,Churritos Prueba
180976301,182,9,sal,JAR,Churritos Prueba
180976301,182,9,queso,JAR,Churritos Prueba
180976301,182,9,crujiente,JAR,Churritos Prueba
180976301,182,9,textura,JAR,Churritos Prueba
180976301,182,9,porosidad,JAR,Churritos Prueba
180961587,182,8,olor,JAR,Churritos Prueba
180961587,182,8,color,TM,Churritos Prueba
180961587,182,8,sal,JAR,Churritos Prueba
180961587,182,8,queso,JAR,Churritos Prueba
180961587,182,8,crujiente,JAR,Churritos Prueba
180961587,182,8,textura,JAR,Churritos Prueba
180961587,182,8,porosidad,JAR,Churritos Prueba
181013905,182,9,olor,JAR,Churritos Prueba
181013905,182,9,color,JAR,Churritos Prueba
181013905,182,9,sal,JAR,Churritos Prueba
181013905,182,9,queso,JAR,Churritos Prueba
181013905,182,9,crujiente,JAR,Churritos Prueba
181013905,182,9,textura,JAR,Churritos Prueba
181013905,182,9,porosidad,JAR,Churritos Prueba
180945652,182,8,olor,JAR,Churritos Prueba
180945652,182,8,color,JAR,Churritos Prueba
180945652,182,8,sal,TL,Churritos Prueba
180945652,182,8,queso,JAR,Churritos Prueba
180945652,182,8,crujiente,JAR,Churritos Prueba
180945652,182,8,textura,JAR,Churritos Prueba
180945652,182,8,porosidad,JAR,Churritos Prueba
181015598,182,7,olor,JAR,Churritos Prueba
181015598,182,7,color,JAR,Churritos Prueba
181015598,182,7,sal,JAR,Churritos Prueba
181015598,182,7,queso,JAR,Churritos Prueba
181015598,182,7,crujiente,JAR,Churritos Prueba
181015598,182,7,textura,JAR,Churritos Prueba
181015598,182,7,porosidad,JAR,Churritos Prueba
180947452,182,7,olor,TM,Churritos Prueba
180947452,182,7,color,TM,Churritos Prueba
180947452,182,7,sal,TL,Churritos Prueba
180947452,182,7,queso,JAR,Churritos Prueba
180947452,182,7,crujiente,TL,Churritos Prueba
180947452,182,7,textura,TL,Churritos Prueba
180947452,182,7,porosidad,TL,Churritos Prueba
181113070,182,7,olor,JAR,Churritos Prueba
181113070,182,7,color,TL,Churritos Prueba
181113070,182,7,sal,JAR,Churritos Prueba
181113070,182,7,queso,TL,Churritos Prueba
181113070,182,7,crujiente,JAR,Churritos Prueba
181113070,182,7,textura,JAR,Churritos Prueba
181113070,182,7,porosidad,JAR,Churritos Prueba
181067991,182,7,olor,TL,Churritos Prueba
181067991,182,7,color,TL,Churritos Prueba
181067991,182,7,sal,TL,Churritos Prueba
181067991,182,7,queso,TM,Churritos Prueba
181067991,182,7,crujiente,TM,Churritos Prueba
181067991,182,7,textura,TL,Churritos Prueba
181067991,182,7,porosidad,TL,Churritos Prueba
181066999,182,9,olor,JAR,Churritos Prueba
181066999,182,9,color,TL,Churritos Prueba
181066999,182,9,sal,JAR,Churritos Prueba
181066999,182,9,queso,JAR,Churritos Prueba
181066999,182,9,crujiente,JAR,Churritos Prueba
181066999,182,9,textura,JAR,Churritos Prueba
181066999,182,9,porosidad,JAR,Churritos Prueba
181012993,182,7,olor,JAR,Churritos Prueba
181012993,182,7,color,JAR,Churritos Prueba
181012993,182,7,sal,JAR,Churritos Prueba
181012993,182,7,queso,JAR,Churritos Prueba
181012993,182,7,crujiente,JAR,Churritos Prueba
181012993,182,7,textura,JAR,Churritos Prueba
181012993,182,7,porosidad,JAR,Churritos Prueba
181008989,182,8,olor,TM,Churritos Prueba
181008989,182,8,color,JAR,Churritos Prueba
181008989,182,8,sal,JAR,Churritos Prueba
181008989,182,8,queso,JAR,Churritos Prueba
181008989,182,8,crujiente,JAR,Churritos Prueba
181008989,182,8,textura,JAR,Churritos Prueba
181008989,182,8,porosidad,JAR,Churritos Prueba
181123189,182,8,olor,JAR,Churritos Prueba
181123189,182,8,color,JAR,Churritos Prueba
181123189,182,8,sal,JAR,Churritos Prueba
181123189,182,8,queso,JAR,Churritos Prueba
181123189,182,8,crujiente,JAR,Churritos Prueba
181123189,182,8,textura,JAR,Churritos Prueba
181123189,182,8,porosidad,TM,Churritos Prueba
181067447,182,9,olor,JAR,Churritos Prueba
181067447,182,9,color,JAR,Churritos Prueba
181067447,182,9,sal,JAR,Churritos Prueba
181067447,182,9,queso,JAR,Churritos Prueba
181067447,182,9,crujiente,JAR,Churritos Prueba
181067447,182,9,textura,JAR,Churritos Prueba
181067447,182,9,porosidad,JAR,Churritos Prueba
181015719,182,9,olor,JAR,Churritos Prueba
181015719,182,9,color,JAR,Churritos Prueba
181015719,182,9,sal,JAR,Churritos Prueba
181015719,182,9,queso,JAR,Churritos Prueba
181015719,182,9,crujiente,JAR,Churritos Prueba
181015719,182,9,textura,JAR,Churritos Prueba
181015719,182,9,porosidad,JAR,Churritos Prueba
180968068,182,7,olor,TL,Churritos Prueba
180968068,182,7,color,TM,Churritos Prueba
180968068,182,7,sal,TL,Churritos Prueba
180968068,182,7,queso,TL,Churritos Prueba
180968068,182,7,crujiente,TL,Churritos Prueba
180968068,182,7,textura,TL,Churritos Prueba
180968068,182,7,porosidad,TL,Churritos Prueba
180946540,182,7,olor,JAR,Churritos Prueba
180946540,182,7,color,JAR,Churritos Prueba
180946540,182,7,sal,JAR,Churritos Prueba
180946540,182,7,queso,JAR,Churritos Prueba
180946540,182,7,crujiente,JAR,Churritos Prueba
180946540,182,7,textura,JAR,Churritos Prueba
180946540,182,7,porosidad,JAR,Churritos Prueba
181015720,182,7,olor,TL,Churritos Prueba
181015720,182,7,color,JAR,Churritos Prueba
181015720,182,7,sal,JAR,Churritos Prueba
181015720,182,7,queso,JAR,Churritos Prueba
181015720,182,7,crujiente,JAR,Churritos Prueba
181015720,182,7,textura,JAR,Churritos Prueba
181015720,182,7,porosidad,JAR,Churritos Prueba
181126200,182,8,olor,JAR,Churritos Prueba
181126200,182,8,color,JAR,Churritos Prueba
181126200,182,8,sal,JAR,Churritos Prueba
181126200,182,8,queso,JAR,Churritos Prueba
181126200,182,8,crujiente,JAR,Churritos Prueba
181126200,182,8,textura,JAR,Churritos Prueba
181126200,182,8,porosidad,JAR,Churritos Prueba
181072715,182,9,olor,JAR,Churritos Prueba
181072715,182,9,color,JAR,Churritos Prueba
181072715,182,9,sal,JAR,Churritos Prueba
181072715,182,9,queso,JAR,Churritos Prueba
181072715,182,9,crujiente,JAR,Churritos Prueba
181072715,182,9,textura,JAR,Churritos Prueba
181072715,182,9,porosidad,JAR,Churritos Prueba
181069034,182,9,olor,JAR,Churritos Prueba
181069034,182,9,color,TL,Churritos Prueba
181069034,182,9,sal,JAR,Churritos Prueba
181069034,182,9,queso,JAR,Churritos Prueba
181069034,182,9,crujiente,TM,Churritos Prueba
181069034,182,9,textura,JAR,Churritos Prueba
181069034,182,9,porosidad,JAR,Churritos Prueba
180968691,182,9,olor,JAR,Churritos Prueba
180968691,182,9,color,TL,Churritos Prueba
180968691,182,9,sal,JAR,Churritos Prueba
180968691,182,9,queso,JAR,Churritos Prueba
180968691,182,9,crujiente,JAR,Churritos Prueba
180968691,182,9,textura,JAR,Churritos Prueba
180968691,182,9,porosidad,JAR,Churritos Prueba
181121716,182,9,olor,JAR,Churritos Prueba
181121716,182,9,color,JAR,Churritos Prueba
181121716,182,9,sal,JAR,Churritos Prueba
181121716,182,9,queso,JAR,Churritos Prueba
181121716,182,9,crujiente,JAR,Churritos Prueba
181121716,182,9,textura,JAR,Churritos Prueba
181121716,182,9,porosidad,JAR,Churritos Prueba
181125969,182,8,olor,TL,Churritos Prueba
181125969,182,8,color,TL,Churritos Prueba
181125969,182,8,sal,JAR,Churritos Prueba
181125969,182,8,queso,JAR,Churritos Prueba
181125969,182,8,crujiente,JAR,Churritos Prueba
181125969,182,8,textura,JAR,Churritos Prueba
181125969,182,8,porosidad,JAR,Churritos Prueba
181061697,182,7,olor,JAR,Churritos Prueba
181061697,182,7,color,JAR,Churritos Prueba
181061697,182,7,sal,JAR,Churritos Prueba
181061697,182,7,queso,JAR,Churritos Prueba
181061697,182,7,crujiente,JAR,Churritos Prueba
181061697,182,7,textura,JAR,Churritos Prueba
181061697,182,7,porosidad,JAR,Churritos Prueba
181065569,182,7,olor,JAR,Churritos Prueba
181065569,182,7,color,JAR,Churritos Prueba
181065569,182,7,sal,TL,Churritos Prueba
181065569,182,7,queso,TL,Churritos Prueba
181065569,182,7,crujiente,JAR,Churritos Prueba
181065569,182,7,textura,JAR,Churritos Prueba
181065569,182,7,porosidad,JAR,Churritos Prueba
181014952,182,8,olor,JAR,Churritos Prueba
181014952,182,8,color,JAR,Churritos Prueba
181014952,182,8,sal,JAR,Churritos Prueba
181014952,182,8,queso,JAR,Churritos Prueba
181014952,182,8,crujiente,JAR,Churritos Prueba
181014952,182,8,textura,JAR,Churritos Prueba
181014952,182,8,porosidad,JAR,Churritos Prueba
180971953,182,7,olor,TL,Churritos Prueba
180971953,182,7,color,TL,Churritos Prueba
180971953,182,7,sal,TL,Churritos Prueba
180971953,182,7,queso,TL,Churritos Prueba
180971953,182,7,crujiente,JAR,Churritos Prueba
180971953,182,7,textura,JAR,Churritos Prueba
180971953,182,7,porosidad,JAR,Churritos Prueba
180971581,182,8,olor,JAR,Churritos Prueba
180971581,182,8,color,JAR,Churritos Prueba
180971581,182,8,sal,JAR,Churritos Prueba
180971581,182,8,queso,JAR,Churritos Prueba
180971581,182,8,crujiente,JAR,Churritos Prueba
180971581,182,8,textura,JAR,Churritos Prueba
180971581,182,8,porosidad,JAR,Churritos Prueba
181032090,182,9,olor,JAR,Churritos Prueba
181032090,182,9,color,JAR,Churritos Prueba
181032090,182,9,sal,JAR,Churritos Prueba
181032090,182,9,queso,JAR,Churritos Prueba
181032090,182,9,crujiente,JAR,Churritos Prueba
181032090,182,9,textura,JAR,Churritos Prueba
181032090,182,9,porosidad,JAR,Churritos Prueba
180976315,182,7,olor,TL,Churritos Prueba
180976315,182,7,color,TL,Churritos Prueba
180976315,182,7,sal,TM,Churritos Prueba
180976315,182,7,queso,TM,Churritos Prueba
180976315,182,7,crujiente,TM,Churritos Prueba
180976315,182,7,textura,TL,Churritos Prueba
180976315,182,7,porosidad,TL,Churritos Prueba
181032382,182,8,olor,TL,Churritos Prueba
181032382,182,8,color,JAR,Churritos Prueba
181032382,182,8,sal,JAR,Churritos Prueba
181032382,182,8,queso,TL,Churritos Prueba
181032382,182,8,crujiente,JAR,Churritos Prueba
181032382,182,8,textura,JAR,Churritos Prueba
181032382,182,8,porosidad,JAR,Churritos Prueba
181036101,182,7,olor,JAR,Churritos Prueba
181036101,182,7,color,TL,Churritos Prueba
181036101,182,7,sal,JAR,Churritos Prueba
181036101,182,7,queso,JAR,Churritos Prueba
181036101,182,7,crujiente,JAR,Churritos Prueba
181036101,182,7,textura,JAR,Churritos Prueba
181036101,182,7,porosidad,JAR,Churritos Prueba
181025756,182,9,olor,TL,Churritos Prueba
181025756,182,9,color,JAR,Churritos Prueba
181025756,182,9,sal,JAR,Churritos Prueba
181025756,182,9,queso,TL,Churritos Prueba
181025756,182,9,crujiente,JAR,Churritos Prueba
181025756,182,9,textura,JAR,Churritos Prueba
181025756,182,9,porosidad,JAR,Churritos Prueba
180945499,182,9,olor,JAR,Churritos Prueba
180945499,182,9,color,TM,Churritos Prueba
180945499,182,9,sal,JAR,Churritos Prueba
180945499,182,9,queso,JAR,Churritos Prueba
180945499,182,9,crujiente,TM,Churritos Prueba
180945499,182,9,textura,JAR,Churritos Prueba
180945499,182,9,porosidad,JAR,Churritos Prueba
181113996,182,8,olor,JAR,Churritos Prueba
181113996,182,8,color,JAR,Churritos Prueba
181113996,182,8,sal,JAR,Churritos Prueba
181113996,182,8,queso,JAR,Churritos Prueba
181113996,182,8,crujiente,JAR,Churritos Prueba
181113996,182,8,textura,JAR,Churritos Prueba
181113996,182,8,porosidad,JAR,Churritos Prueba
181115384,182,9,olor,JAR,Churritos Prueba
181115384,182,9,color,JAR,Churritos Prueba
181115384,182,9,sal,JAR,Churritos Prueba
181115384,182,9,queso,JAR,Churritos Prueba
181115384,182,9,crujiente,JAR,Churritos Prueba
181115384,182,9,textura,JAR,Churritos Prueba
181115384,182,9,porosidad,JAR,Churritos Prueba
181016368,182,9,olor,TM,Churritos Prueba
181016368,182,9,color,JAR,Churritos Prueba
181016368,182,9,sal,JAR,Churritos Prueba
181016368,182,9,queso,TM,Churritos Prueba
181016368,182,9,crujiente,JAR,Churritos Prueba
181016368,182,9,textura,JAR,Churritos Prueba
181016368,182,9,porosidad,TM,Churritos Prueba
181061734,182,8,olor,TL,Churritos Prueba
181061734,182,8,color,TL,Churritos Prueba
181061734,182,8,sal,JAR,Churritos Prueba
181061734,182,8,queso,JAR,Churritos Prueba
181061734,182,8,crujiente,JAR,Churritos Prueba
181061734,182,8,textura,JAR,Churritos Prueba
181061734,182,8,porosidad,JAR,Churritos Prueba
181068223,182,5,olor,TM,Churritos Prueba
181068223,182,5,color,JAR,Churritos Prueba
181068223,182,5,sal,TM,Churritos Prueba
181068223,182,5,queso,TL,Churritos Prueba
181068223,182,5,crujiente,TL,Churritos Prueba
181068223,182,5,textura,TL,Churritos Prueba
181068223,182,5,porosidad,TL,Churritos Prueba
180971127,182,6,olor,TL,Churritos Prueba
180971127,182,6,color,TL,Churritos Prueba
180971127,182,6,sal,TM,Churritos Prueba
180971127,182,6,queso,TL,Churritos Prueba
180971127,182,6,crujiente,TL,Churritos Prueba
180971127,182,6,textura,TL,Churritos Prueba
180971127,182,6,porosidad,TL,Churritos Prueba
180946581,182,7,olor,JAR,Churritos Prueba
180946581,182,7,color,JAR,Churritos Prueba
180946581,182,7,sal,JAR,Churritos Prueba
180946581,182,7,queso,JAR,Churritos Prueba
180946581,182,7,crujiente,JAR,Churritos Prueba
180946581,182,7,textura,JAR,Churritos Prueba
180946581,182,7,porosidad,JAR,Churritos Prueba
180945578,182,6,olor,TL,Churritos Prueba
180945578,182,6,color,TM,Churritos Prueba
180945578,182,6,sal,TM,Churritos Prueba
180945578,182,6,queso,TL,Churritos Prueba
180945578,182,6,crujiente,TL,Churritos Prueba
180945578,182,6,textura,TL,Churritos Prueba
180945578,182,6,porosidad,TL,Churritos Prueba
181017248,182,8,olor,JAR,Churritos Prueba
181017248,182,8,color,JAR,Churritos Prueba
181017248,182,8,sal,JAR,Churritos Prueba
181017248,182,8,queso,JAR,Churritos Prueba
181017248,182,8,crujiente,JAR,Churritos Prueba
181017248,182,8,textura,JAR,Churritos Prueba
181017248,182,8,porosidad,JAR,Churritos Prueba
180968739,182,4,olor,TM,Churritos Prueba
180968739,182,4,color,TL,Churritos Prueba
180968739,182,4,sal,TM,Churritos Prueba
180968739,182,4,queso,TL,Churritos Prueba
180968739,182,4,crujiente,TL,Churritos Prueba
180968739,182,4,textura,TM,Churritos Prueba
180968739,182,4,porosidad,TM,Churritos Prueba
180948514,182,9,olor,TM,Churritos Prueba
180948514,182,9,color,TM,Churritos Prueba
180948514,182,9,sal,TM,Churritos Prueba
180948514,182,9,queso,TM,Churritos Prueba
180948514,182,9,crujiente,TM,Churritos Prueba
180948514,182,9,textura,TM,Churritos Prueba
180948514,182,9,porosidad,TM,Churritos Prueba
181032183,182,9,olor,JAR,Churritos Prueba
181032183,182,9,color,JAR,Churritos Prueba
181032183,182,9,sal,JAR,Churritos Prueba
181032183,182,9,queso,JAR,Churritos Prueba
181032183,182,9,crujiente,JAR,Churritos Prueba
181032183,182,9,textura,JAR,Churritos Prueba
181032183,182,9,porosidad,JAR,Churritos Prueba
180971952,182,6,olor,TL,Churritos Prueba
180971952,182,6,color,TL,Churritos Prueba
180971952,182,6,sal,TM,Churritos Prueba
180971952,182,6,queso,TL,Churritos Prueba
180971952,182,6,crujiente,JAR,Churritos Prueba
180971952,182,6,textura,JAR,Churritos Prueba
180971952,182,6,porosidad,JAR,Churritos Prueba
180965562,182,9,olor,TM,Churritos Prueba
180965562,182,9,color,TM,Churritos Prueba
180965562,182,9,sal,TM,Churritos Prueba
180965562,182,9,queso,TM,Churritos Prueba
180965562,182,9,crujiente,TL,Churritos Prueba
180965562,182,9,textura,JAR,Churritos Prueba
180965562,182,9,porosidad,JAR,Churritos Prueba
181012061,182,6,olor,TM,Churritos Prueba
181012061,182,6,color,JAR,Churritos Prueba
181012061,182,6,sal,TM,Churritos Prueba
181012061,182,6,queso,TM,Churritos Prueba
181012061,182,6,crujiente,JAR,Churritos Prueba
181012061,182,6,textura,TM,Churritos Prueba
181012061,182,6,porosidad,JAR,Churritos Prueba
181065624,182,8,olor,TL,Churritos Prueba
181065624,182,8,color,TL,Churritos Prueba
181065624,182,8,sal,TM,Churritos Prueba
181065624,182,8,queso,JAR,Churritos Prueba
181065624,182,8,crujiente,TL,Churritos Prueba
181065624,182,8,textura,TL,Churritos Prueba
181065624,182,8,porosidad,TL,Churritos Prueba
181109760,182,8,olor,TM,Churritos Prueba
181109760,182,8,color,TM,Churritos Prueba
181109760,182,8,sal,TL,Churritos Prueba
181109760,182,8,queso,TL,Churritos Prueba
181109760,182,8,crujiente,TM,Churritos Prueba
181109760,182,8,textura,TL,Churritos Prueba
181109760,182,8,porosidad,TL,Churritos Prueba
181016387,182,6,olor,TL,Churritos Prueba
181016387,182,6,color,TL,Churritos Prueba
181016387,182,6,sal,TL,Churritos Prueba
181016387,182,6,queso,TL,Churritos Prueba
181016387,182,6,crujiente,TL,Churritos Prueba
181016387,182,6,textura,TL,Churritos Prueba
181016387,182,6,porosidad,TL,Churritos Prueba
180972202,182,9,olor,JAR,Churritos Prueba
180972202,182,9,color,JAR,Churritos Prueba
180972202,182,9,sal,JAR,Churritos Prueba
180972202,182,9,queso,JAR,Churritos Prueba
180972202,182,9,crujiente,TM,Churritos Prueba
180972202,182,9,textura,JAR,Churritos Prueba
180972202,182,9,porosidad,JAR,Churritos Prueba
181070628,182,6,olor,TL,Churritos Prueba
181070628,182,6,color,TL,Churritos Prueba
181070628,182,6,sal,TL,Churritos Prueba
181070628,182,6,queso,TL,Churritos Prueba
181070628,182,6,crujiente,TL,Churritos Prueba
181070628,182,6,textura,TL,Churritos Prueba
181070628,182,6,porosidad,TL,Churritos Prueba
181032087,182,6,olor,TM,Churritos Prueba
181032087,182,6,color,TL,Churritos Prueba
181032087,182,6,sal,TM,Churritos Prueba
181032087,182,6,queso,TM,Churritos Prueba
181032087,182,6,crujiente,JAR,Churritos Prueba
181032087,182,6,textura,JAR,Churritos Prueba
181032087,182,6,porosidad,JAR,Churritos Prueba
180962524,182,7,olor,TL,Churritos Prueba
180962524,182,7,color,TL,Churritos Prueba
180962524,182,7,sal,TM,Churritos Prueba
180962524,182,7,queso,TL,Churritos Prueba
180962524,182,7,crujiente,TL,Churritos Prueba
180962524,182,7,textura,TL,Churritos Prueba
180962524,182,7,porosidad,TL,Churritos Prueba
181071574,182,7,olor,TM,Churritos Prueba
181071574,182,7,color,TL,Churritos Prueba
181071574,182,7,sal,JAR,Churritos Prueba
181071574,182,7,queso,TL,Churritos Prueba
181071574,182,7,crujiente,TL,Churritos Prueba
181071574,182,7,textura,TL,Churritos Prueba
181071574,182,7,porosidad,TL,Churritos Prueba
181015721,182,7,olor,JAR,Churritos Prueba
181015721,182,7,color,TL,Churritos Prueba
181015721,182,7,sal,TM,Churritos Prueba
181015721,182,7,queso,TL,Churritos Prueba
181015721,182,7,crujiente,TL,Churritos Prueba
181015721,182,7,textura,TL,Churritos Prueba
181015721,182,7,porosidad,JAR,Churritos Prueba
181116571,182,9,olor,JAR,Churritos Prueba
181116571,182,9,color,JAR,Churritos Prueba
181116571,182,9,sal,JAR,Churritos Prueba
181116571,182,9,queso,JAR,Churritos Prueba
181116571,182,9,crujiente,JAR,Churritos Prueba
181116571,182,9,textura,JAR,Churritos Prueba
181116571,182,9,porosidad,JAR,Churritos Prueba
180977519,182,6,olor,TL,Churritos Prueba
180977519,182,6,color,TL,Churritos Prueba
180977519,182,6,sal,JAR,Churritos Prueba
180977519,182,6,queso,TL,Churritos Prueba
180977519,182,6,crujiente,TM,Churritos Prueba
180977519,182,6,textura,TM,Churritos Prueba
180977519,182,6,porosidad,JAR,Churritos Prueba
181063796,182,6,olor,TL,Churritos Prueba
181063796,182,6,color,TL,Churritos Prueba
181063796,182,6,sal,JAR,Churritos Prueba
181063796,182,6,queso,TL,Churritos Prueba
181063796,182,6,crujiente,JAR,Churritos Prueba
181063796,182,6,textura,JAR,Churritos Prueba
181063796,182,6,porosidad,JAR,Churritos Prueba
181067299,182,9,olor,JAR,Churritos Prueba
181067299,182,9,color,JAR,Churritos Prueba
181067299,182,9,sal,JAR,Churritos Prueba
181067299,182,9,queso,JAR,Churritos Prueba
181067299,182,9,crujiente,JAR,Churritos Prueba
181067299,182,9,textura,JAR,Churritos Prueba
181067299,182,9,porosidad,JAR,Churritos Prueba
181060052,182,7,olor,TM,Churritos Prueba
181060052,182,7,color,TL,Churritos Prueba
181060052,182,7,sal,TM,Churritos Prueba
181060052,182,7,queso,TM,Churritos Prueba
181060052,182,7,crujiente,TL,Churritos Prueba
181060052,182,7,textura,TL,Churritos Prueba
181060052,182,7,porosidad,TL,Churritos Prueba
181066920,182,9,olor,JAR,Churritos Prueba
181066920,182,9,color,TL,Churritos Prueba
181066920,182,9,sal,JAR,Churritos Prueba
181066920,182,9,queso,JAR,Churritos Prueba
181066920,182,9,crujiente,JAR,Churritos Prueba
181066920,182,9,textura,JAR,Churritos Prueba
181066920,182,9,porosidad,TM,Churritos Prueba
181072701,182,9,olor,TM,Churritos Prueba
181072701,182,9,color,JAR,Churritos Prueba
181072701,182,9,sal,JAR,Churritos Prueba
181072701,182,9,queso,JAR,Churritos Prueba
181072701,182,9,crujiente,JAR,Churritos Prueba
181072701,182,9,textura,JAR,Churritos Prueba
181072701,182,9,porosidad,TM,Churritos Prueba
181018225,182,9,olor,TM,Churritos Prueba
181018225,182,9,color,TM,Churritos Prueba
181018225,182,9,sal,TL,Churritos Prueba
181018225,182,9,queso,TM,Churritos Prueba
181018225,182,9,crujiente,TL,Churritos Prueba
181018225,182,9,textura,TM,Churritos Prueba
181018225,182,9,porosidad,TM,Churritos Prueba
181062122,182,6,olor,TL,Churritos Prueba
181062122,182,6,color,TL,Churritos Prueba
181062122,182,6,sal,JAR,Churritos Prueba
181062122,182,6,queso,JAR,Churritos Prueba
181062122,182,6,crujiente,JAR,Churritos Prueba
181062122,182,6,textura,TL,Churritos Prueba
181062122,182,6,porosidad,TM,Churritos Prueba
181068939,182,9,olor,JAR,Churritos Prueba
181068939,182,9,color,JAR,Churritos Prueba
181068939,182,9,sal,JAR,Churritos Prueba
181068939,182,9,queso,JAR,Churritos Prueba
181068939,182,9,crujiente,JAR,Churritos Prueba
181068939,182,9,textura,JAR,Churritos Prueba
181068939,182,9,porosidad,JAR,Churritos Prueba
181058699,182,9,olor,JAR,Churritos Prueba
181058699,182,9,color,JAR,Churritos Prueba
181058699,182,9,sal,JAR,Churritos Prueba
181058699,182,9,queso,JAR,Churritos Prueba
181058699,182,9,crujiente,JAR,Churritos Prueba
181058699,182,9,textura,JAR,Churritos Prueba
181058699,182,9,porosidad,JAR,Churritos Prueba
180965561,182,6,olor,TL,Churritos Prueba
180965561,182,6,color,TL,Churritos Prueba
180965561,182,6,sal,TM,Churritos Prueba
180965561,182,6,queso,TL,Churritos Prueba
180965561,182,6,crujiente,TL,Churritos Prueba
180965561,182,6,textura,TL,Churritos Prueba
180965561,182,6,porosidad,TL,Churritos Prueba
181160042,182,6,olor,TL,Churritos Prueba
181160042,182,6,color,TL,Churritos Prueba
181160042,182,6,sal,JAR,Churritos Prueba
181160042,182,6,queso,TL,Churritos Prueba
181160042,182,6,crujiente,TL,Churritos Prueba
181160042,182,6,textura,TL,Churritos Prueba
181160042,182,6,porosidad,TM,Churritos Prueba
181058782,182,9,olor,TM,Churritos Prueba
181058782,182,9,color,TM,Churritos Prueba
181058782,182,9,sal,JAR,Churritos Prueba
181058782,182,9,queso,JAR,Churritos Prueba
181058782,182,9,crujiente,TM,Churritos Prueba
181058782,182,9,textura,TM,Churritos Prueba
181058782,182,9,porosidad,JAR,Churritos Prueba
180948426,182,3,olor,TM,Churritos Prueba
180948426,182,3,color,TM,Churritos Prueba
180948426,182,3,sal,TM,Churritos Prueba
180948426,182,3,queso,TL,Churritos Prueba
180948426,182,3,crujiente,TL,Churritos Prueba
180948426,182,3,textura,TL,Churritos Prueba
180948426,182,3,porosidad,TL,Churritos Prueba
180966093,182,6,olor,TL,Churritos Prueba
180966093,182,6,color,TL,Churritos Prueba
180966093,182,6,sal,TL,Churritos Prueba
180966093,182,6,queso,TL,Churritos Prueba
180966093,182,6,crujiente,TL,Churritos Prueba
180966093,182,6,textura,TL,Churritos Prueba
180966093,182,6,porosidad,TL,Churritos Prueba
181113246,182,8,olor,JAR,Churritos Prueba
181113246,182,8,color,JAR,Churritos Prueba
181113246,182,8,sal,JAR,Churritos Prueba
181113246,182,8,queso,JAR,Churritos Prueba
181113246,182,8,crujiente,JAR,Churritos Prueba
181113246,182,8,textura,JAR,Churritos Prueba
181113246,182,8,porosidad,JAR,Churritos Prueba
181030282,182,7,olor,TL,Churritos Prueba
181030282,182,7,color,TM,Churritos Prueba
181030282,182,7,sal,JAR,Churritos Prueba
181030282,182,7,queso,JAR,Churritos Prueba
181030282,182,7,crujiente,JAR,Churritos Prueba
181030282,182,7,textura,JAR,Churritos Prueba
181030282,182,7,porosidad,JAR,Churritos Prueba
181021876,182,9,olor,JAR,Churritos Prueba
181021876,182,9,color,JAR,Churritos Prueba
181021876,182,9,sal,JAR,Churritos Prueba
181021876,182,9,queso,JAR,Churritos Prueba
181021876,182,9,crujiente,JAR,Churritos Prueba
181021876,182,9,textura,JAR,Churritos Prueba
181021876,182,9,porosidad,JAR,Churritos Prueba
180946429,182,9,olor,JAR,Churritos Prueba
180946429,182,9,color,JAR,Churritos Prueba
180946429,182,9,sal,JAR,Churritos Prueba
180946429,182,9,queso,JAR,Churritos Prueba
180946429,182,9,crujiente,JAR,Churritos Prueba
180946429,182,9,textura,JAR,Churritos Prueba
180946429,182,9,porosidad,JAR,Churritos Prueba
180949003,182,8,olor,JAR,Churritos Prueba
180949003,182,8,color,JAR,Churritos Prueba
180949003,182,8,sal,JAR,Churritos Prueba
180949003,182,8,queso,JAR,Churritos Prueba
180949003,182,8,crujiente,TM,Churritos Prueba
180949003,182,8,textura,JAR,Churritos Prueba
180949003,182,8,porosidad,JAR,Churritos Prueba
181126095,182,8,olor,TL,Churritos Prueba
181126095,182,8,color,JAR,Churritos Prueba
181126095,182,8,sal,JAR,Churritos Prueba
181126095,182,8,queso,JAR,Churritos Prueba
181126095,182,8,crujiente,JAR,Churritos Prueba
181126095,182,8,textura,JAR,Churritos Prueba
181126095,182,8,porosidad,JAR,Churritos Prueba
181021657,182,7,olor,TM,Churritos Prueba
181021657,182,7,color,TL,Churritos Prueba
181021657,182,7,sal,TL,Churritos Prueba
181021657,182,7,queso,TL,Churritos Prueba
181021657,182,7,crujiente,TL,Churritos Prueba
181021657,182,7,textura,JAR,Churritos Prueba
181021657,182,7,porosidad,JAR,Churritos Prueba
181011981,182,2,olor,TM,Churritos Prueba
181011981,182,2,color,TL,Churritos Prueba
181011981,182,2,sal,TM,Churritos Prueba
181011981,182,2,queso,TM,Churritos Prueba
181011981,182,2,crujiente,TM,Churritos Prueba
181011981,182,2,textura,TL,Churritos Prueba
181011981,182,2,porosidad,TM,Churritos Prueba
181125311,182,7,olor,TL,Churritos Prueba
181125311,182,7,color,TL,Churritos Prueba
181125311,182,7,sal,JAR,Churritos Prueba
181125311,182,7,queso,JAR,Churritos Prueba
181125311,182,7,crujiente,JAR,Churritos Prueba
181125311,182,7,textura,JAR,Churritos Prueba
181125311,182,7,porosidad,JAR,Churritos Prueba
180969098,182,9,olor,TL,Churritos Prueba
180969098,182,9,color,TL,Churritos Prueba
180969098,182,9,sal,JAR,Churritos Prueba
180969098,182,9,queso,TL,Churritos Prueba
180969098,182,9,crujiente,TM,Churritos Prueba
180969098,182,9,textura,TL,Churritos Prueba
180969098,182,9,porosidad,TM,Churritos Prueba
181070259,182,9,olor,TL,Churritos Prueba
181070259,182,9,color,TL,Churritos Prueba
181070259,182,9,sal,TL,Churritos Prueba
181070259,182,9,queso,TL,Churritos Prueba
181070259,182,9,crujiente,TL,Churritos Prueba
181070259,182,9,textura,TL,Churritos Prueba
181070259,182,9,porosidad,TL,Churritos Prueba
181069422,182,9,olor,JAR,Churritos Prueba
181069422,182,9,color,JAR,Churritos Prueba
181069422,182,9,sal,JAR,Churritos Prueba
181069422,182,9,queso,JAR,Churritos Prueba
181069422,182,9,crujiente,JAR,Churritos Prueba
181069422,182,9,textura,JAR,Churritos Prueba
181069422,182,9,porosidad,JAR,Churritos Prueba
181071554,182,9,olor,JAR,Churritos Prueba
181071554,182,9,color,JAR,Churritos Prueba
181071554,182,9,sal,JAR,Churritos Prueba
181071554,182,9,queso,JAR,Churritos Prueba
181071554,182,9,crujiente,JAR,Churritos Prueba
181071554,182,9,textura,JAR,Churritos Prueba
181071554,182,9,porosidad,JAR,Churritos Prueba
181066475,182,9,olor,TM,Churritos Prueba
181066475,182,9,color,TM,Churritos Prueba
181066475,182,9,sal,TL,Churritos Prueba
181066475,182,9,queso,TM,Churritos Prueba
181066475,182,9,crujiente,TM,Churritos Prueba
181066475,182,9,textura,TM,Churritos Prueba
181066475,182,9,porosidad,TM,Churritos Prueba
181111222,182,7,olor,JAR,Churritos Prueba
181111222,182,7,color,JAR,Churritos Prueba
181111222,182,7,sal,JAR,Churritos Prueba
181111222,182,7,queso,JAR,Churritos Prueba
181111222,182,7,crujiente,TL,Churritos Prueba
181111222,182,7,textura,JAR,Churritos Prueba
181111222,182,7,porosidad,JAR,Churritos Prueba
181058698,182,7,olor,TL,Churritos Prueba
181058698,182,7,color,TL,Churritos Prueba
181058698,182,7,sal,TL,Churritos Prueba
181058698,182,7,queso,TL,Churritos Prueba
181058698,182,7,crujiente,TL,Churritos Prueba
181058698,182,7,textura,TL,Churritos Prueba
181058698,182,7,porosidad,TL,Churritos Prueba
180948439,182,9,olor,JAR,Churritos Prueba
180948439,182,9,color,JAR,Churritos Prueba
180948439,182,9,sal,JAR,Churritos Prueba
180948439,182,9,queso,JAR,Churritos Prueba
180948439,182,9,crujiente,JAR,Churritos Prueba
180948439,182,9,textura,JAR,Churritos Prueba
180948439,182,9,porosidad,JAR,Churritos Prueba
180966428,182,9,olor,TM,Churritos Prueba
180966428,182,9,color,JAR,Churritos Prueba
180966428,182,9,sal,JAR,Churritos Prueba
180966428,182,9,queso,JAR,Churritos Prueba
180966428,182,9,crujiente,JAR,Churritos Prueba
180966428,182,9,textura,JAR,Churritos Prueba
180966428,182,9,porosidad,JAR,Churritos Prueba
180966956,182,9,olor,TL,Churritos Prueba
180966956,182,9,color,TM,Churritos Prueba
180966956,182,9,sal,TL,Churritos Prueba
180966956,182,9,queso,JAR,Churritos Prueba
180966956,182,9,crujiente,JAR,Churritos Prueba
180966956,182,9,textura,JAR,Churritos Prueba
180966956,182,9,porosidad,JAR,Churritos Prueba
180966427,182,9,olor,JAR,Churritos Prueba
180966427,182,9,color,JAR,Churritos Prueba
180966427,182,9,sal,JAR,Churritos Prueba
180966427,182,9,queso,JAR,Churritos Prueba
180966427,182,9,crujiente,JAR,Churritos Prueba
180966427,182,9,textura,JAR,Churritos Prueba
180966427,182,9,porosidad,JAR,Churritos Prueba
181032089,182,9,olor,JAR,Churritos Prueba
181032089,182,9,color,JAR,Churritos Prueba
181032089,182,9,sal,JAR,Churritos Prueba
181032089,182,9,queso,JAR,Churritos Prueba
181032089,182,9,crujiente,JAR,Churritos Prueba
181032089,182,9,textura,JAR,Churritos Prueba
181032089,182,9,porosidad,JAR,Churritos Prueba
181031856,182,9,olor,JAR,Churritos Prueba
181031856,182,9,color,JAR,Churritos Prueba
181031856,182,9,sal,JAR,Churritos Prueba
181031856,182,9,queso,JAR,Churritos Prueba
181031856,182,9,crujiente,JAR,Churritos Prueba
181031856,182,9,textura,JAR,Churritos Prueba
181031856,182,9,porosidad,JAR,Churritos Prueba
180969134,182,8,olor,JAR,Churritos Prueba
180969134,182,8,color,JAR,Churritos Prueba
180969134,182,8,sal,JAR,Churritos Prueba
180969134,182,8,queso,JAR,Churritos Prueba
180969134,182,8,crujiente,JAR,Churritos Prueba
180969134,182,8,textura,JAR,Churritos Prueba
180969134,182,8,porosidad,JAR,Churritos Prueba
180965563,182,9,olor,JAR,Churritos Prueba
180965563,182,9,color,JAR,Churritos Prueba
180965563,182,9,sal,JAR,Churritos Prueba
180965563,182,9,queso,JAR,Churritos Prueba
180965563,182,9,crujiente,JAR,Churritos Prueba
180965563,182,9,textura,JAR,Churritos Prueba
180965563,182,9,porosidad,JAR,Churritos Prueba
181064839,182,7,olor,TL,Churritos Prueba
181064839,182,7,color,TL,Churritos Prueba
181064839,182,7,sal,TL,Churritos Prueba
181064839,182,7,queso,TL,Churritos Prueba
181064839,182,7,crujiente,TL,Churritos Prueba
181064839,182,7,textura,TL,Churritos Prueba
181064839,182,7,porosidad,TL,Churritos Prueba
180962636,182,6,olor,JAR,Churritos Prueba
180962636,182,6,color,TL,Churritos Prueba
180962636,182,6,sal,TM,Churritos Prueba
180962636,182,6,queso,TL,Churritos Prueba
180962636,182,6,crujiente,TL,Churritos Prueba
180962636,182,6,textura,TL,Churritos Prueba
180962636,182,6,porosidad,TL,Churritos Prueba
180968696,182,4,olor,JAR,Churritos Prueba
180968696,182,4,color,JAR,Churritos Prueba
180968696,182,4,sal,JAR,Churritos Prueba
180968696,182,4,queso,JAR,Churritos Prueba
180968696,182,4,crujiente,JAR,Churritos Prueba
180968696,182,4,textura,JAR,Churritos Prueba
180968696,182,4,porosidad,TL,Churritos Prueba
181063043,182,5,olor,JAR,Churritos Prueba
181063043,182,5,color,TL,Churritos Prueba
181063043,182,5,sal,TM,Churritos Prueba
181063043,182,5,queso,TM,Churritos Prueba
181063043,182,5,crujiente,TL,Churritos Prueba
181063043,182,5,textura,TL,Churritos Prueba
181063043,182,5,porosidad,TL,Churritos Prueba
180971798,182,6,olor,JAR,Churritos Prueba
180971798,182,6,color,TL,Churritos Prueba
180971798,182,6,sal,TM,Churritos Prueba
180971798,182,6,queso,JAR,Churritos Prueba
180971798,182,6,crujiente,JAR,Churritos Prueba
180971798,182,6,textura,TL,Churritos Prueba
180971798,182,6,porosidad,TL,Churritos Prueba
180977518,182,7,olor,JAR,Churritos Prueba
180977518,182,7,color,JAR,Churritos Prueba
180977518,182,7,sal,TM,Churritos Prueba
180977518,182,7,queso,TM,Churritos Prueba
180977518,182,7,crujiente,TL,Churritos Prueba
180977518,182,7,textura,JAR,Churritos Prueba
180977518,182,7,porosidad,JAR,Churritos Prueba
181160792,182,8,olor,JAR,Churritos Prueba
181160792,182,8,color,TL,Churritos Prueba
181160792,182,8,sal,JAR,Churritos Prueba
181160792,182,8,queso,JAR,Churritos Prueba
181160792,182,8,crujiente,JAR,Churritos Prueba
181160792,182,8,textura,TL,Churritos Prueba
181160792,182,8,porosidad,TL,Churritos Prueba
181015803,182,9,olor,JAR,Churritos Prueba
181015803,182,9,color,TL,Churritos Prueba
181015803,182,9,sal,JAR,Churritos Prueba
181015803,182,9,queso,JAR,Churritos Prueba
181015803,182,9,crujiente,TM,Churritos Prueba
181015803,182,9,textura,TM,Churritos Prueba
181015803,182,9,porosidad,TL,Churritos Prueba
181058873,182,9,olor,JAR,Churritos Prueba
181058873,182,9,color,JAR,Churritos Prueba
181058873,182,9,sal,JAR,Churritos Prueba
181058873,182,9,queso,JAR,Churritos Prueba
181058873,182,9,crujiente,JAR,Churritos Prueba
181058873,182,9,textura,JAR,Churritos Prueba
181058873,182,9,porosidad,JAR,Churritos Prueba
180966979,182,7,olor,TM,Churritos Prueba
180966979,182,7,color,TL,Churritos Prueba
180966979,182,7,sal,JAR,Churritos Prueba
180966979,182,7,queso,TL,Churritos Prueba
180966979,182,7,crujiente,JAR,Churritos Prueba
180966979,182,7,textura,JAR,Churritos Prueba
180966979,182,7,porosidad,JAR,Churritos Prueba
181162950,182,6,olor,TL,Churritos Prueba
181162950,182,6,color,TL,Churritos Prueba
181162950,182,6,sal,TL,Churritos Prueba
181162950,182,6,queso,TL,Churritos Prueba
181162950,182,6,crujiente,TL,Churritos Prueba
181162950,182,6,textura,TL,Churritos Prueba
181162950,182,6,porosidad,TM,Churritos Prueba
180977130,182,8,olor,JAR,Churritos Prueba
180977130,182,8,color,JAR,Churritos Prueba
180977130,182,8,sal,JAR,Churritos Prueba
180977130,182,8,queso,JAR,Churritos Prueba
180977130,182,8,crujiente,JAR,Churritos Prueba
180977130,182,8,textura,JAR,Churritos Prueba
180977130,182,8,porosidad,JAR,Churritos Prueba
181071540,182,9,olor,JAR,Churritos Prueba
181071540,182,9,color,JAR,Churritos Prueba
181071540,182,9,sal,TL,Churritos Prueba
181071540,182,9,queso,JAR,Churritos Prueba
181071540,182,9,crujiente,JAR,Churritos Prueba
181071540,182,9,textura,JAR,Churritos Prueba
181071540,182,9,porosidad,JAR,Churritos Prueba
181109816,182,9,olor,JAR,Churritos Prueba
181109816,182,9,color,JAR,Churritos Prueba
181109816,182,9,sal,JAR,Churritos Prueba
181109816,182,9,queso,JAR,Churritos Prueba
181109816,182,9,crujiente,JAR,Churritos Prueba
181109816,182,9,textura,JAR,Churritos Prueba
181109816,182,9,porosidad,JAR,Churritos Prueba
181119549,182,7,olor,TM,Churritos Prueba
181119549,182,7,color,TL,Churritos Prueba
181119549,182,7,sal,TL,Churritos Prueba
181119549,182,7,queso,JAR,Churritos Prueba
181119549,182,7,crujiente,TL,Churritos Prueba
181119549,182,7,textura,TL,Churritos Prueba
181119549,182,7,porosidad,JAR,Churritos Prueba
181068457,182,9,olor,JAR,Churritos Prueba
181068457,182,9,color,TM,Churritos Prueba
181068457,182,9,sal,JAR,Churritos Prueba
181068457,182,9,queso,JAR,Churritos Prueba
181068457,182,9,crujiente,JAR,Churritos Prueba
181068457,182,9,textura,JAR,Churritos Prueba
181068457,182,9,porosidad,JAR,Churritos Prueba
180975607,182,8,olor,TM,Churritos Prueba
180975607,182,8,color,TM,Churritos Prueba
180975607,182,8,sal,TL,Churritos Prueba
180975607,182,8,queso,TL,Churritos Prueba
180975607,182,8,crujiente,JAR,Churritos Prueba
180975607,182,8,textura,TM,Churritos Prueba
180975607,182,8,porosidad,TM,Churritos Prueba
180971800,182,6,olor,TL,Churritos Prueba
180971800,182,6,color,TL,Churritos Prueba
180971800,182,6,sal,TL,Churritos Prueba
180971800,182,6,queso,TL,Churritos Prueba
180971800,182,6,crujiente,TL,Churritos Prueba
180971800,182,6,textura,TL,Churritos Prueba
180971800,182,6,porosidad,TM,Churritos Prueba
181031763,182,8,olor,JAR,Churritos Prueba
181031763,182,8,color,JAR,Churritos Prueba
181031763,182,8,sal,JAR,Churritos Prueba
181031763,182,8,queso,JAR,Churritos Prueba
181031763,182,8,crujiente,TM,Churritos Prueba
181031763,182,8,textura,JAR,Churritos Prueba
181031763,182,8,porosidad,JAR,Churritos Prueba
181111833,182,9,olor,TM,Churritos Prueba
181111833,182,9,color,TM,Churritos Prueba
181111833,182,9,sal,TM,Churritos Prueba
181111833,182,9,queso,TM,Churritos Prueba
181111833,182,9,crujiente,TM,Churritos Prueba
181111833,182,9,textura,TM,Churritos Prueba
181111833,182,9,porosidad,TM,Churritos Prueba
181060203,182,8,olor,TM,Churritos Prueba
181060203,182,8,color,TM,Churritos Prueba
181060203,182,8,sal,TM,Churritos Prueba
181060203,182,8,queso,TL,Churritos Prueba
181060203,182,8,crujiente,TL,Churritos Prueba
181060203,182,8,textura,TM,Churritos Prueba
181060203,182,8,porosidad,TM,Churritos Prueba
181113151,182,8,olor,TL,Churritos Prueba
181113151,182,8,color,TL,Churritos Prueba
181113151,182,8,sal,TM,Churritos Prueba
181113151,182,8,queso,TM,Churritos Prueba
181113151,182,8,crujiente,JAR,Churritos Prueba
181113151,182,8,textura,JAR,Churritos Prueba
181113151,182,8,porosidad,JAR,Churritos Prueba
181123191,182,5,olor,TM,Churritos Prueba
181123191,182,5,color,TL,Churritos Prueba
181123191,182,5,sal,TM,Churritos Prueba
181123191,182,5,queso,TL,Churritos Prueba
181123191,182,5,crujiente,TL,Churritos Prueba
181123191,182,5,textura,JAR,Churritos Prueba
181123191,182,5,porosidad,TL,Churritos Prueba
181062032,182,9,olor,JAR,Churritos Prueba
181062032,182,9,color,JAR,Churritos Prueba
181062032,182,9,sal,JAR,Churritos Prueba
181062032,182,9,queso,JAR,Churritos Prueba
181062032,182,9,crujiente,JAR,Churritos Prueba
181062032,182,9,textura,JAR,Churritos Prueba
181062032,182,9,porosidad,JAR,Churritos Prueba
181116746,182,9,olor,JAR,Churritos Prueba
181116746,182,9,color,JAR,Churritos Prueba
181116746,182,9,sal,JAR,Churritos Prueba
181116746,182,9,queso,JAR,Churritos Prueba
181116746,182,9,crujiente,JAR,Churritos Prueba
181116746,182,9,textura,JAR,Churritos Prueba
181116746,182,9,porosidad,JAR,Churritos Prueba
180968506,182,6,olor,JAR,Churritos Prueba
180968506,182,6,color,JAR,Churritos Prueba
180968506,182,6,sal,TL,Churritos Prueba
180968506,182,6,queso,TL,Churritos Prueba
180968506,182,6,crujiente,JAR,Churritos Prueba
180968506,182,6,textura,TL,Churritos Prueba
180968506,182,6,porosidad,TL,Churritos Prueba
181064017,182,6,olor,TL,Churritos Prueba
181064017,182,6,color,TL,Churritos Prueba
181064017,182,6,sal,JAR,Churritos Prueba
181064017,182,6,queso,TL,Churritos Prueba
181064017,182,6,crujiente,JAR,Churritos Prueba
181064017,182,6,textura,TL,Churritos Prueba
181064017,182,6,porosidad,TL,Churritos Prueba
180964077,182,1,olor,TM,Churritos Prueba
180964077,182,1,color,TL,Churritos Prueba
180964077,182,1,sal,TL,Churritos Prueba
180964077,182,1,queso,TL,Churritos Prueba
180964077,182,1,crujiente,TL,Churritos Prueba
180964077,182,1,textura,TL,Churritos Prueba
180964077,182,1,porosidad,TL,Churritos Prueba
180945745,182,8,olor,JAR,Churritos Prueba
180945745,182,8,color,JAR,Churritos Prueba
180945745,182,8,sal,TM,Churritos Prueba
180945745,182,8,queso,JAR,Churritos Prueba
180945745,182,8,crujiente,JAR,Churritos Prueba
180945745,182,8,textura,JAR,Churritos Prueba
180945745,182,8,porosidad,JAR,Churritos Prueba
181015718,182,7,olor,TL,Churritos Prueba
181015718,182,7,color,TL,Churritos Prueba
181015718,182,7,sal,TM,Churritos Prueba
181015718,182,7,queso,TM,Churritos Prueba
181015718,182,7,crujiente,JAR,Churritos Prueba
181015718,182,7,textura,JAR,Churritos Prueba
181015718,182,7,porosidad,TM,Churritos Prueba
181066193,182,9,olor,TL,Churritos Prueba
181066193,182,9,color,JAR,Churritos Prueba
181066193,182,9,sal,TM,Churritos Prueba
181066193,182,9,queso,JAR,Churritos Prueba
181066193,182,9,crujiente,JAR,Churritos Prueba
181066193,182,9,textura,TL,Churritos Prueba
181066193,182,9,porosidad,JAR,Churritos Prueba
181069425,182,8,olor,JAR,Churritos Prueba
181069425,182,8,color,TM,Churritos Prueba
181069425,182,8,sal,TM,Churritos Prueba
181069425,182,8,queso,JAR,Churritos Prueba
181069425,182,8,crujiente,JAR,Churritos Prueba
181069425,182,8,textura,JAR,Churritos Prueba
181069425,182,8,porosidad,JAR,Churritos Prueba
180965815,182,9,olor,TM,Churritos Prueba
180965815,182,9,color,JAR,Churritos Prueba
180965815,182,9,sal,TM,Churritos Prueba
180965815,182,9,queso,JAR,Churritos Prueba
180965815,182,9,crujiente,TL,Churritos Prueba
180965815,182,9,textura,JAR,Churritos Prueba
180965815,182,9,porosidad,JAR,Churritos Prueba
180967385,182,7,olor,JAR,Churritos Prueba
180967385,182,7,color,JAR,Churritos Prueba
180967385,182,7,sal,TM,Churritos Prueba
180967385,182,7,queso,JAR,Churritos Prueba
180967385,182,7,crujiente,JAR,Churritos Prueba
180967385,182,7,textura,JAR,Churritos Prueba
180967385,182,7,porosidad,JAR,Churritos Prueba
180948517,182,8,olor,TL,Churritos Prueba
180948517,182,8,color,TL,Churritos Prueba
180948517,182,8,sal,TL,Churritos Prueba
180948517,182,8,queso,TL,Churritos Prueba
180948517,182,8,crujiente,TL,Churritos Prueba
180948517,182,8,textura,TM,Churritos Prueba
180948517,182,8,porosidad,TL,Churritos Prueba
181022935,182,9,olor,JAR,Churritos Prueba
181022935,182,9,color,TM,Churritos Prueba
181022935,182,9,sal,TL,Churritos Prueba
181022935,182,9,queso,TM,Churritos Prueba
181022935,182,9,crujiente,JAR,Churritos Prueba
181022935,182,9,textura,TM,Churritos Prueba
181022935,182,9,porosidad,JAR,Churritos Prueba
181021309,182,6,olor,JAR,Churritos Prueba
181021309,182,6,color,JAR,Churritos Prueba
181021309,182,6,sal,TL,Churritos Prueba
181021309,182,6,queso,TL,Churritos Prueba
181021309,182,6,crujiente,JAR,Churritos Prueba
181021309,182,6,textura,JAR,Churritos Prueba
181021309,182,6,porosidad,JAR,Churritos Prueba
181124257,182,6,olor,TM,Churritos Prueba
181124257,182,6,color,TL,Churritos Prueba
181124257,182,6,sal,TL,Churritos Prueba
181124257,182,6,queso,TL,Churritos Prueba
181124257,182,6,crujiente,TL,Churritos Prueba
181124257,182,6,textura,TL,Churritos Prueba
181124257,182,6,porosidad,TL,Churritos Prueba
181010391,182,8,olor,JAR,Churritos Prueba
181010391,182,8,color,JAR,Churritos Prueba
181010391,182,8,sal,TM,Churritos Prueba
181010391,182,8,queso,JAR,Churritos Prueba
181010391,182,8,crujiente,TL,Churritos Prueba
181010391,182,8,textura,JAR,Churritos Prueba
181010391,182,8,porosidad,TL,Churritos Prueba
180977207,182,4,olor,TL,Churritos Prueba
180977207,182,4,color,TL,Churritos Prueba
180977207,182,4,sal,TM,Churritos Prueba
180977207,182,4,queso,JAR,Churritos Prueba
180977207,182,4,crujiente,JAR,Churritos Prueba
180977207,182,4,textura,TL,Churritos Prueba
180977207,182,4,porosidad,TL,Churritos Prueba
181064772,182,7,olor,TL,Churritos Prueba
181064772,182,7,color,TL,Churritos Prueba
181064772,182,7,sal,JAR,Churritos Prueba
181064772,182,7,queso,TL,Churritos Prueba
181064772,182,7,crujiente,TL,Churritos Prueba
181064772,182,7,textura,JAR,Churritos Prueba
181064772,182,7,porosidad,JAR,Churritos Prueba
181069037,182,8,olor,JAR,Churritos Prueba
181069037,182,8,color,TM,Churritos Prueba
181069037,182,8,sal,JAR,Churritos Prueba
181069037,182,8,queso,JAR,Churritos Prueba
181069037,182,8,crujiente,JAR,Churritos Prueba
181069037,182,8,textura,JAR,Churritos Prueba
181069037,182,8,porosidad,JAR,Churritos Prueba
181168838,182,7,olor,TL,Churritos Prueba
181168838,182,7,color,TL,Churritos Prueba
181168838,182,7,sal,TM,Churritos Prueba
181168838,182,7,queso,TL,Churritos Prueba
181168838,182,7,crujiente,TL,Churritos Prueba
181168838,182,7,textura,TL,Churritos Prueba
181168838,182,7,porosidad,TL,Churritos Prueba
181059096,182,6,olor,TM,Churritos Prueba
181059096,182,6,color,TL,Churritos Prueba
181059096,182,6,sal,JAR,Churritos Prueba
181059096,182,6,queso,JAR,Churritos Prueba
181059096,182,6,crujiente,JAR,Churritos Prueba
181059096,182,6,textura,JAR,Churritos Prueba
181059096,182,6,porosidad,JAR,Churritos Prueba
181016600,182,8,olor,JAR,Churritos Prueba
181016600,182,8,color,TL,Churritos Prueba
181016600,182,8,sal,JAR,Churritos Prueba
181016600,182,8,queso,TL,Churritos Prueba
181016600,182,8,crujiente,TL,Churritos Prueba
181016600,182,8,textura,TL,Churritos Prueba
181016600,182,8,porosidad,JAR,Churritos Prueba
181118498,182,4,olor,TM,Churritos Prueba
181118498,182,4,color,TL,Churritos Prueba
181118498,182,4,sal,TM,Churritos Prueba
181118498,182,4,queso,TM,Churritos Prueba
181118498,182,4,crujiente,TM,Churritos Prueba
181118498,182,4,textura,TM,Churritos Prueba
181118498,182,4,porosidad,TM,Churritos Prueba
181018594,182,6,olor,TM,Churritos Prueba
181018594,182,6,color,TL,Churritos Prueba
181018594,182,6,sal,JAR,Churritos Prueba
181018594,182,6,queso,JAR,Churritos Prueba
181018594,182,6,crujiente,JAR,Churritos Prueba
181018594,182,6,textura,TL,Churritos Prueba
181018594,182,6,porosidad,TL,Churritos Prueba
181016773,182,9,olor,JAR,Churritos Prueba
181016773,182,9,color,TL,Churritos Prueba
181016773,182,9,sal,JAR,Churritos Prueba
181016773,182,9,queso,JAR,Churritos Prueba
181016773,182,9,crujiente,JAR,Churritos Prueba
181016773,182,9,textura,JAR,Churritos Prueba
181016773,182,9,porosidad,TM,Churritos Prueba
180966789,182,6,olor,TL,Churritos Prueba
180966789,182,6,color,TL,Churritos Prueba
180966789,182,6,sal,TL,Churritos Prueba
180966789,182,6,queso,TL,Churritos Prueba
180966789,182,6,crujiente,TL,Churritos Prueba
180966789,182,6,textura,TL,Churritos Prueba
180966789,182,6,porosidad,TL,Churritos Prueba
181111853,182,7,olor,TM,Churritos Prueba
181111853,182,7,color,TL,Churritos Prueba
181111853,182,7,sal,JAR,Churritos Prueba
181111853,182,7,queso,TL,Churritos Prueba
181111853,182,7,crujiente,JAR,Churritos Prueba
181111853,182,7,textura,JAR,Churritos Prueba
181111853,182,7,porosidad,TM,Churritos Prueba
181113995,182,4,olor,TL,Churritos Prueba
181113995,182,4,color,TL,Churritos Prueba
181113995,182,4,sal,TL,Churritos Prueba
181113995,182,4,queso,TL,Churritos Prueba
181113995,182,4,crujiente,TL,Churritos Prueba
181113995,182,4,textura,TL,Churritos Prueba
181113995,182,4,porosidad,TL,Churritos Prueba
180971582,182,4,olor,TL,Churritos Prueba
180971582,182,4,color,JAR,Churritos Prueba
180971582,182,4,sal,TL,Churritos Prueba
180971582,182,4,queso,TM,Churritos Prueba
180971582,182,4,crujiente,JAR,Churritos Prueba
180971582,182,4,textura,JAR,Churritos Prueba
180971582,182,4,porosidad,TM,Churritos Prueba
180947442,182,9,olor,TL,Churritos Prueba
180947442,182,9,color,JAR,Churritos Prueba
180947442,182,9,sal,JAR,Churritos Prueba
180947442,182,9,queso,JAR,Churritos Prueba
180947442,182,9,crujiente,JAR,Churritos Prueba
180947442,182,9,textura,JAR,Churritos Prueba
180947442,182,9,porosidad,JAR,Churritos Prueba
181116201,182,6,olor,TL,Churritos Prueba
181116201,182,6,color,TL,Churritos Prueba
181116201,182,6,sal,TL,Churritos Prueba
181116201,182,6,queso,TL,Churritos Prueba
181116201,182,6,crujiente,TL,Churritos Prueba
181116201,182,6,textura,TL,Churritos Prueba
181116201,182,6,porosidad,TL,Churritos Prueba
181009041,182,7,olor,TL,Churritos Prueba
181009041,182,7,color,TL,Churritos Prueba
181009041,182,7,sal,JAR,Churritos Prueba
181009041,182,7,queso,JAR,Churritos Prueba
181009041,182,7,crujiente,JAR,Churritos Prueba
181009041,182,7,textura,JAR,Churritos Prueba
181009041,182,7,porosidad,JAR,Churritos Prueba
180966094,182,7,olor,TL,Churritos Prueba
180966094,182,7,color,TL,Churritos Prueba
180966094,182,7,sal,TL,Churritos Prueba
180966094,182,7,queso,TL,Churritos Prueba
180966094,182,7,crujiente,TL,Churritos Prueba
180966094,182,7,textura,TL,Churritos Prueba
180966094,182,7,porosidad,TL,Churritos Prueba
180966090,182,7,olor,TL,Churritos Prueba
180966090,182,7,color,TL,Churritos Prueba
180966090,182,7,sal,JAR,Churritos Prueba
180966090,182,7,queso,JAR,Churritos Prueba
180966090,182,7,crujiente,JAR,Churritos Prueba
180966090,182,7,textura,JAR,Churritos Prueba
180966090,182,7,porosidad,JAR,Churritos Prueba
181071805,182,9,olor,JAR,Churritos Prueba
181071805,182,9,color,JAR,Churritos Prueba
181071805,182,9,sal,JAR,Churritos Prueba
181071805,182,9,queso,JAR,Churritos Prueba
181071805,182,9,crujiente,JAR,Churritos Prueba
181071805,182,9,textura,JAR,Churritos Prueba
181071805,182,9,porosidad,JAR,Churritos Prueba
181013904,182,6,olor,TM,Churritos Prueba
181013904,182,6,color,JAR,Churritos Prueba
181013904,182,6,sal,TL,Churritos Prueba
181013904,182,6,queso,TL,Churritos Prueba
181013904,182,6,crujiente,TL,Churritos Prueba
181013904,182,6,textura,TM,Churritos Prueba
181013904,182,6,porosidad,TL,Churritos Prueba
181031882,182,9,olor,JAR,Churritos Prueba
181031882,182,9,color,JAR,Churritos Prueba
181031882,182,9,sal,JAR,Churritos Prueba
181031882,182,9,queso,JAR,Churritos Prueba
181031882,182,9,crujiente,JAR,Churritos Prueba
181031882,182,9,textura,JAR,Churritos Prueba
181031882,182,9,porosidad,JAR,Churritos Prueba
181009627,182,7,olor,TL,Churritos Prueba
181009627,182,7,color,TL,Churritos Prueba
181009627,182,7,sal,TL,Churritos Prueba
181009627,182,7,queso,TL,Churritos Prueba
181009627,182,7,crujiente,TL,Churritos Prueba
181009627,182,7,textura,TL,Churritos Prueba
181009627,182,7,porosidad,TL,Churritos Prueba
181071739,182,6,olor,TM,Churritos Prueba
181071739,182,6,color,TL,Churritos Prueba
181071739,182,6,sal,TL,Churritos Prueba
181071739,182,6,queso,TL,Churritos Prueba
181071739,182,6,crujiente,JAR,Churritos Prueba
181071739,182,6,textura,TL,Churritos Prueba
181071739,182,6,porosidad,TL,Churritos Prueba
180945738,182,7,olor,JAR,Churritos Prueba
180945738,182,7,color,JAR,Churritos Prueba
180945738,182,7,sal,JAR,Churritos Prueba
180945738,182,7,queso,JAR,Churritos Prueba
180945738,182,7,crujiente,JAR,Churritos Prueba
180945738,182,7,textura,JAR,Churritos Prueba
180945738,182,7,porosidad,TL,Churritos Prueba
180969294,182,7,olor,JAR,Churritos Prueba
180969294,182,7,color,JAR,Churritos Prueba
180969294,182,7,sal,JAR,Churritos Prueba
180969294,182,7,queso,JAR,Churritos Prueba
180969294,182,7,crujiente,JAR,Churritos Prueba
180969294,182,7,textura,JAR,Churritos Prueba
180969294,182,7,porosidad,JAR,Churritos Prueba
180971799,182,8,olor,JAR,Churritos Prueba
180971799,182,8,color,JAR,Churritos Prueba
180971799,182,8,sal,JAR,Churritos Prueba
180971799,182,8,queso,JAR,Churritos Prueba
180971799,182,8,crujiente,JAR,Churritos Prueba
180971799,182,8,textura,JAR,Churritos Prueba
180971799,182,8,porosidad,TL,Churritos Prueba
